.gitattributes	79	2026-02-26 23:22:06
.gitignore	1016	2026-02-28 09:54:53
__pycache__\_csv2parquet_scalpingdata.cpython-311.pyc	4110	2026-02-28 10:03:58
__pycache__\backtest_runner.cpython-311.pyc	48938	2026-02-28 10:04:00
__pycache__\backtest_runner_v3.cpython-311.pyc	74420	2026-02-28 10:04:00
__pycache__\backtest_runner_v3_ENTRY_TUNING.cpython-311.pyc	68876	2026-02-28 10:04:00
__pycache__\backtest_runner_v3_patched.cpython-311.pyc	72770	2026-02-28 10:04:00
__pycache__\bt_contract_test.cpython-311.pyc	5099	2026-02-28 10:04:00
__pycache__\data_loader.cpython-311.pyc	18767	2026-02-28 10:04:00
__pycache__\diag_fast_output.cpython-311.pyc	5843	2026-02-28 10:04:00
__pycache__\factory_ga.cpython-311.pyc	23085	2026-02-28 10:04:00
__pycache__\factory_master_247.cpython-311.pyc	12895	2026-02-28 10:04:00
__pycache__\franken_tp_sl_guard.cpython-311.pyc	3911	2026-02-28 10:04:00
__pycache__\ga_full_runner.cpython-311.pyc	2987	2026-02-28 10:04:00
__pycache__\ga_run.cpython-311.pyc	13332	2026-02-28 10:04:00
__pycache__\ga_smoke.cpython-311.pyc	9369	2026-02-28 10:04:00
__pycache__\grid_test_fast.cpython-311.pyc	8830	2026-02-28 10:04:00
__pycache__\grid_test_full.cpython-311.pyc	11436	2026-02-28 10:04:00
__pycache__\grid_test_v2.cpython-311.pyc	14719	2026-02-28 10:04:00
__pycache__\runner_bridge.cpython-311.pyc	127	2026-02-28 10:04:01
__pycache__\runner_ga.cpython-311.pyc	297	2026-02-28 10:04:01
__pycache__\sweep_tp_sl.cpython-311.pyc	6845	2026-02-28 10:04:01
__pycache__\test_runner.cpython-311.pyc	1074	2026-02-28 10:04:01
_AUDIT_ULTRA_20260228_003031 (2).zip	840902	2026-02-28 00:33:31
_AUDIT_ULTRA_20260228_003031.zip	839463	2026-02-28 00:30:54
_AUDIT_ULTRA_20260228_003031\errors.txt	0	2026-02-28 00:30:31
_AUDIT_ULTRA_20260228_003031\git_diff_summary.txt	0	2026-02-28 00:30:54
_AUDIT_ULTRA_20260228_003031\git_state.txt	1452	2026-02-28 00:30:54
_AUDIT_ULTRA_20260228_003031\git_tracked_files.txt	392676	2026-02-28 00:30:54
_AUDIT_ULTRA_20260228_003031\git_tree_origin_main.txt	392676	2026-02-28 00:30:54
_AUDIT_ULTRA_20260228_003031\manifest_files.csv	1087267	2026-02-28 00:30:52
_AUDIT_ULTRA_20260228_003031\manifest_files.jsonl	1536864	2026-02-28 00:30:52
_AUDIT_ULTRA_20260228_003031\meta.json	294	2026-02-28 00:30:31
_AUDIT_ULTRA_20260228_003031\tree_local.txt	644492	2026-02-28 00:30:31
_autosync_ping.txt	29	2026-02-27 23:48:27
_BACKUPS_MIRROR\pre_mirror_status_20260228_000550.txt	189	2026-02-28 00:05:51
_CONTEXT_CHAT\CHAT_IMPORTS\весь чят 8 .txt	410567	2026-02-27 23:01:28
_csv2parquet_scalpingdata.py	2029	2026-02-03 09:00:22
_IRON_PROBE\manual_probe_20260228_012826_97a46c0f.txt	62	2026-02-28 01:28:27
_IRON_PROBE\probe_20260228_010547.txt	35	2026-02-28 01:05:47
_IRON_PROBE\probe_20260228_011257.txt	35	2026-02-28 01:12:57
_IRON_PROBE\probe_20260228_012444.txt	35	2026-02-28 01:24:44
_LAUNCH_FAST.ps1	1376	2026-02-03 06:54:35
_MIRROR_REPORTS\mirror_reconcile_20260228_003809.txt	944	2026-02-28 00:38:10
_signal_scout.json	13205	2026-02-02 08:01:01
_sources\freqtrade\.coveragerc	114	2026-01-30 22:52:40
_sources\freqtrade\.devcontainer\devcontainer.json	1850	2026-01-30 22:52:35
_sources\freqtrade\.dockerignore	276	2026-01-30 22:52:40
_sources\freqtrade\.gitattributes	47	2026-01-30 22:52:40
_sources\freqtrade\.github\.devcontainer\devcontainer.json	314	2026-01-30 22:52:35
_sources\freqtrade\.github\.devcontainer\Dockerfile	701	2026-01-30 22:52:35
_sources\freqtrade\.github\actions\docker-tags\action.yml	3251	2026-01-30 22:52:35
_sources\freqtrade\.github\dependabot.yml	1215	2026-01-30 22:52:35
_sources\freqtrade\.github\FUNDING.yml	67	2026-01-30 22:52:35
_sources\freqtrade\.github\ISSUE_TEMPLATE\bug_report.md	1542	2026-01-30 22:52:35
_sources\freqtrade\.github\ISSUE_TEMPLATE\config.yml	186	2026-01-30 22:52:35
_sources\freqtrade\.github\ISSUE_TEMPLATE\feature_request.md	653	2026-01-30 22:52:35
_sources\freqtrade\.github\ISSUE_TEMPLATE\question.md	1056	2026-01-30 22:52:35
_sources\freqtrade\.github\PULL_REQUEST_TEMPLATE.md	726	2026-01-30 22:52:35
_sources\freqtrade\.github\workflows\binance-lev-tier-update.yml	1648	2026-01-30 22:52:35
_sources\freqtrade\.github\workflows\ci.yml	13913	2026-01-30 22:52:35
_sources\freqtrade\.github\workflows\deploy-docs.yml	1715	2026-01-30 22:52:35
_sources\freqtrade\.github\workflows\devcontainer-build.yml	1614	2026-01-30 22:52:35
_sources\freqtrade\.github\workflows\docker-build.yml	11207	2026-01-30 22:52:36
_sources\freqtrade\.github\workflows\docker-update-readme.yml	746	2026-01-30 22:52:36
_sources\freqtrade\.github\workflows\packages-cleanup.yml	1371	2026-01-30 22:52:36
_sources\freqtrade\.github\workflows\pre-commit-update.yml	1408	2026-01-30 22:52:36
_sources\freqtrade\.github\workflows\zizmor_action.yml	1013	2026-01-30 22:52:36
_sources\freqtrade\.gitignore	1595	2026-01-30 22:52:40
_sources\freqtrade\.pre-commit-config.yaml	2331	2026-01-30 22:52:40
_sources\freqtrade\.pylintrc	157	2026-01-30 22:52:40
_sources\freqtrade\.readthedocs.yml	191	2026-01-30 22:52:40
_sources\freqtrade\.vscode\extensions.json	292	2026-01-30 22:52:36
_sources\freqtrade\build_helpers\__pycache__\binance_update_lev_tiers.cpython-311.pyc	1298	2026-02-28 10:03:58
_sources\freqtrade\build_helpers\__pycache__\create_command_partials.cpython-311.pyc	3912	2026-02-28 10:03:58
_sources\freqtrade\build_helpers\__pycache__\extract_config_json_schema.cpython-311.pyc	1530	2026-02-28 10:03:58
_sources\freqtrade\build_helpers\__pycache__\freqtrade_client_version_align.cpython-311.pyc	927	2026-02-28 10:03:58
_sources\freqtrade\build_helpers\__pycache__\pre_commit_update.cpython-311.pyc	2852	2026-02-28 10:03:58
_sources\freqtrade\build_helpers\binance_update_lev_tiers.py	653	2026-01-30 22:52:36
_sources\freqtrade\build_helpers\create_command_partials.py	3224	2026-01-30 22:52:36
_sources\freqtrade\build_helpers\extract_config_json_schema.py	891	2026-01-30 22:52:36
_sources\freqtrade\build_helpers\freqtrade_client_version_align.py	409	2026-01-30 22:52:36
_sources\freqtrade\build_helpers\pre_commit_update.py	1253	2026-01-30 22:52:36
_sources\freqtrade\build_helpers\pyarrow-23.0.0-cp311-cp311-linux_armv7l.whl	17849389	2026-01-30 22:52:36
_sources\freqtrade\build_helpers\schema.json	51630	2026-01-30 22:52:36
_sources\freqtrade\build_helpers\ta_lib-0.6.8-cp311-cp311-manylinux_2_31_armv7l.whl	3689220	2026-01-30 22:52:36
_sources\freqtrade\build_helpers\ta_lib-0.6.8-cp313-cp313-manylinux_2_31_armv7l.whl	3618033	2026-01-30 22:52:36
_sources\freqtrade\config_examples\config_binance.example.json	2130	2026-01-30 22:52:36
_sources\freqtrade\config_examples\config_freqai.example.json	2382	2026-01-30 22:52:36
_sources\freqtrade\config_examples\config_full.example.json	6053	2026-01-30 22:52:36
_sources\freqtrade\config_examples\config_kraken.example.json	2235	2026-01-30 22:52:36
_sources\freqtrade\CONTRIBUTING.md	5697	2026-01-30 22:52:40
_sources\freqtrade\docker\docker-compose-freqai.yml	1142	2026-01-30 22:52:36
_sources\freqtrade\docker\docker-compose-jupyter.yml	393	2026-01-30 22:52:36
_sources\freqtrade\docker\Dockerfile.armhf	1664	2026-01-30 22:52:36
_sources\freqtrade\docker\Dockerfile.custom	340	2026-01-30 22:52:36
_sources\freqtrade\docker\Dockerfile.freqai	225	2026-01-30 22:52:36
_sources\freqtrade\docker\Dockerfile.freqai_rl	262	2026-01-30 22:52:36
_sources\freqtrade\docker\Dockerfile.jupyter	251	2026-01-30 22:52:36
_sources\freqtrade\docker\Dockerfile.plot	221	2026-01-30 22:52:36
_sources\freqtrade\docker-compose.yml	1230	2026-01-30 22:52:40
_sources\freqtrade\Dockerfile	1523	2026-01-30 22:52:40
_sources\freqtrade\docs\advanced-backtesting.md	10328	2026-01-30 22:52:36
_sources\freqtrade\docs\advanced-hyperopt.md	10724	2026-01-30 22:52:36
_sources\freqtrade\docs\advanced-orderflow.md	6119	2026-01-30 22:52:36
_sources\freqtrade\docs\advanced-setup.md	18455	2026-01-30 22:52:36
_sources\freqtrade\docs\assets\binance_futures_settings.png	81500	2026-01-30 22:52:36
_sources\freqtrade\docs\assets\ccxt-logo.svg	818	2026-01-30 22:52:36
_sources\freqtrade\docs\assets\discord_notification.png	48861	2026-01-30 22:52:36
_sources\freqtrade\docs\assets\freqai_algo.jpg	353611	2026-01-30 22:52:36
_sources\freqtrade\docs\assets\freqai_algorithm-diagram.jpg	501262	2026-01-30 22:52:36
_sources\freqtrade\docs\assets\freqai_dbscan.jpg	67965	2026-01-30 22:52:36
_sources\freqtrade\docs\assets\freqai_DI.jpg	314012	2026-01-30 22:52:36
_sources\freqtrade\docs\assets\freqai_doc_logo.svg	2101262	2026-01-30 22:52:36
_sources\freqtrade\docs\assets\freqai_inlier-metric.jpg	468744	2026-01-30 22:52:36
_sources\freqtrade\docs\assets\freqai_moving-window.jpg	276574	2026-01-30 22:52:36
_sources\freqtrade\docs\assets\freqai_pytorch-diagram.png	18611	2026-01-30 22:52:36
_sources\freqtrade\docs\assets\freqai_weight-factor.jpg	189828	2026-01-30 22:52:36
_sources\freqtrade\docs\assets\freqtrade_poweredby.svg	18001	2026-01-30 22:52:36
_sources\freqtrade\docs\assets\freqtrade-screenshot.png	145638	2026-01-30 22:52:36
_sources\freqtrade\docs\assets\frequi_url.png	11391	2026-01-30 22:52:36
_sources\freqtrade\docs\assets\freqUI-backtesting-dark.png	95870	2026-01-30 22:52:36
_sources\freqtrade\docs\assets\freqUI-backtesting-light.png	93547	2026-01-30 22:52:36
_sources\freqtrade\docs\assets\freqUI-chart-annotations-dark.png	114014	2026-01-30 22:52:36
_sources\freqtrade\docs\assets\freqUI-chart-annotations-light.png	111368	2026-01-30 22:52:36
_sources\freqtrade\docs\assets\frequi-login-CORS.png	51142	2026-01-30 22:52:36
_sources\freqtrade\docs\assets\frequi-login-CORS-light.png	52311	2026-01-30 22:52:36
_sources\freqtrade\docs\assets\freqUI-plot-configurator-dark.png	136452	2026-01-30 22:52:36
_sources\freqtrade\docs\assets\freqUI-plot-configurator-light.png	138302	2026-01-30 22:52:36
_sources\freqtrade\docs\assets\frequi-settings-dark.png	81767	2026-01-30 22:52:36
_sources\freqtrade\docs\assets\frequi-settings-light.png	80742	2026-01-30 22:52:36
_sources\freqtrade\docs\assets\freqUI-trade-pane.png	213805	2026-01-30 22:52:36
_sources\freqtrade\docs\assets\freqUI-trade-pane-dark.png	247689	2026-01-30 22:52:36
_sources\freqtrade\docs\assets\freqUI-trade-pane-light.png	246690	2026-01-30 22:52:36
_sources\freqtrade\docs\assets\plot-dataframe.png	216176	2026-01-30 22:52:36
_sources\freqtrade\docs\assets\plot-dataframe2.png	195009	2026-01-30 22:52:36
_sources\freqtrade\docs\assets\plot-profit.png	145983	2026-01-30 22:52:36
_sources\freqtrade\docs\assets\pycharm_debug.png	48984	2026-01-30 22:52:36
_sources\freqtrade\docs\assets\show-config-output.png	29963	2026-01-30 22:52:36
_sources\freqtrade\docs\assets\telegram_forcebuy.png	12035	2026-01-30 22:52:36
_sources\freqtrade\docs\assets\tensorboard.jpg	370209	2026-01-30 22:52:36
_sources\freqtrade\docs\assets\TokenBot-Freqtrade-banner.png	61805	2026-01-30 22:52:36
_sources\freqtrade\docs\assets\windows_install.png	94230	2026-01-30 22:52:36
_sources\freqtrade\docs\backtesting.md	49207	2026-01-30 22:52:36
_sources\freqtrade\docs\bot-basics.md	7117	2026-01-30 22:52:36
_sources\freqtrade\docs\bot-usage.md	4996	2026-01-30 22:52:36
_sources\freqtrade\docs\commands\backtesting.md	6842	2026-01-30 22:52:36
_sources\freqtrade\docs\commands\backtesting-analysis.md	4289	2026-01-30 22:52:36
_sources\freqtrade\docs\commands\backtesting-show.md	2457	2026-01-30 22:52:36
_sources\freqtrade\docs\commands\convert-data.md	2935	2026-01-30 22:52:36
_sources\freqtrade\docs\commands\convert-db.md	481	2026-01-30 22:52:36
_sources\freqtrade\docs\commands\convert-trade-data.md	2197	2026-01-30 22:52:36
_sources\freqtrade\docs\commands\create-userdir.md	300	2026-01-30 22:52:36
_sources\freqtrade\docs\commands\download-data.md	4732	2026-01-30 22:52:36
_sources\freqtrade\docs\commands\edge.md	3126	2026-01-30 22:52:36
_sources\freqtrade\docs\commands\freqtrade-client.md	4908	2026-01-30 22:52:36
_sources\freqtrade\docs\commands\hyperopt.md	7371	2026-01-30 22:52:37
_sources\freqtrade\docs\commands\hyperopt-list.md	3260	2026-01-30 22:52:37
_sources\freqtrade\docs\commands\hyperopt-show.md	2420	2026-01-30 22:52:37
_sources\freqtrade\docs\commands\install-ui.md	577	2026-01-30 22:52:37
_sources\freqtrade\docs\commands\list-data.md	2554	2026-01-30 22:52:37
_sources\freqtrade\docs\commands\list-exchanges.md	1741	2026-01-30 22:52:37
_sources\freqtrade\docs\commands\list-freqaimodels.md	1562	2026-01-30 22:52:37
_sources\freqtrade\docs\commands\list-hyperoptloss.md	1568	2026-01-30 22:52:37
_sources\freqtrade\docs\commands\list-markets.md	2570	2026-01-30 22:52:37
_sources\freqtrade\docs\commands\list-pairs.md	2556	2026-01-30 22:52:37
_sources\freqtrade\docs\commands\list-strategies.md	1720	2026-01-30 22:52:37
_sources\freqtrade\docs\commands\list-timeframes.md	1699	2026-01-30 22:52:37
_sources\freqtrade\docs\commands\lookahead-analysis.md	6927	2026-01-30 22:52:37
_sources\freqtrade\docs\commands\main.md	3073	2026-01-30 22:52:37
_sources\freqtrade\docs\commands\new-config.md	385	2026-01-30 22:52:37
_sources\freqtrade\docs\commands\new-strategy.md	752	2026-01-30 22:52:37
_sources\freqtrade\docs\commands\plot-dataframe.md	4582	2026-01-30 22:52:37
_sources\freqtrade\docs\commands\plot-profit.md	3618	2026-01-30 22:52:37
_sources\freqtrade\docs\commands\recursive-analysis.md	3072	2026-01-30 22:52:37
_sources\freqtrade\docs\commands\show-config.md	604	2026-01-30 22:52:37
_sources\freqtrade\docs\commands\show-trades.md	1908	2026-01-30 22:52:37
_sources\freqtrade\docs\commands\strategy-updater.md	2254	2026-01-30 22:52:37
_sources\freqtrade\docs\commands\test-pairlist.md	1068	2026-01-30 22:52:37
_sources\freqtrade\docs\commands\trade.md	2830	2026-01-30 22:52:37
_sources\freqtrade\docs\commands\trades-to-ohlcv.md	2582	2026-01-30 22:52:37
_sources\freqtrade\docs\commands\webserver.md	1329	2026-01-30 22:52:37
_sources\freqtrade\docs\configuration.md	57941	2026-01-30 22:52:36
_sources\freqtrade\docs\data-analysis.md	5282	2026-01-30 22:52:36
_sources\freqtrade\docs\data-download.md	14272	2026-01-30 22:52:36
_sources\freqtrade\docs\deprecated.md	8597	2026-01-30 22:52:36
_sources\freqtrade\docs\developer.md	23889	2026-01-30 22:52:36
_sources\freqtrade\docs\docker_quickstart.md	11200	2026-01-30 22:52:36
_sources\freqtrade\docs\exchanges.md	26080	2026-01-30 22:52:36
_sources\freqtrade\docs\faq.md	19390	2026-01-30 22:52:36
_sources\freqtrade\docs\freqai.md	11870	2026-01-30 22:52:36
_sources\freqtrade\docs\freqai-configuration.md	29613	2026-01-30 22:52:36
_sources\freqtrade\docs\freqai-developers.md	6077	2026-01-30 22:52:36
_sources\freqtrade\docs\freqai-feature-engineering.md	23841	2026-01-30 22:52:36
_sources\freqtrade\docs\freqai-parameter-table.md	20128	2026-01-30 22:52:36
_sources\freqtrade\docs\freqai-reinforcement-learning.md	20391	2026-01-30 22:52:36
_sources\freqtrade\docs\freqai-running.md	16978	2026-01-30 22:52:36
_sources\freqtrade\docs\freq-ui.md	4459	2026-01-30 22:52:36
_sources\freqtrade\docs\hyperopt.md	47130	2026-01-30 22:52:36
_sources\freqtrade\docs\images\logo.png	11025	2026-01-30 22:52:37
_sources\freqtrade\docs\includes\cors.md	1928	2026-01-30 22:52:37
_sources\freqtrade\docs\includes\exchange-features.md	1222	2026-01-30 22:52:37
_sources\freqtrade\docs\includes\pairlists.md	33794	2026-01-30 22:52:37
_sources\freqtrade\docs\includes\pricing.md	7195	2026-01-30 22:52:37
_sources\freqtrade\docs\includes\protections.md	9270	2026-01-30 22:52:37
_sources\freqtrade\docs\includes\release_template.md	480	2026-01-30 22:52:37
_sources\freqtrade\docs\includes\showcase.md	853	2026-01-30 22:52:37
_sources\freqtrade\docs\includes\strategy-exit-comparisons.md	2145	2026-01-30 22:52:37
_sources\freqtrade\docs\includes\strategy-imports.md	1258	2026-01-30 22:52:37
_sources\freqtrade\docs\index.md	5379	2026-01-30 22:52:36
_sources\freqtrade\docs\installation.md	15312	2026-01-30 22:52:36
_sources\freqtrade\docs\javascripts\config.js	241	2026-01-30 22:52:37
_sources\freqtrade\docs\leverage.md	9357	2026-01-30 22:52:36
_sources\freqtrade\docs\lookahead-analysis.md	6977	2026-01-30 22:52:36
_sources\freqtrade\docs\overrides\main.html	1317	2026-01-30 22:52:37
_sources\freqtrade\docs\plotting.md	9653	2026-01-30 22:52:36
_sources\freqtrade\docs\plugins.md	74	2026-01-30 22:52:36
_sources\freqtrade\docs\producer-consumer.md	8592	2026-01-30 22:52:36
_sources\freqtrade\docs\recursive-analysis.md	6957	2026-01-30 22:52:36
_sources\freqtrade\docs\requirements-docs.txt	130	2026-01-30 22:52:36
_sources\freqtrade\docs\rest-api.md	17930	2026-01-30 22:52:36
_sources\freqtrade\docs\sql_cheatsheet.md	3743	2026-01-30 22:52:36
_sources\freqtrade\docs\stoploss.md	12667	2026-01-30 22:52:36
_sources\freqtrade\docs\strategy_analysis_example.md	8339	2026-01-30 22:52:36
_sources\freqtrade\docs\strategy_migration.md	32749	2026-01-30 22:52:36
_sources\freqtrade\docs\strategy-101.md	12542	2026-01-30 22:52:36
_sources\freqtrade\docs\strategy-advanced.md	15322	2026-01-30 22:52:36
_sources\freqtrade\docs\strategy-callbacks.md	68677	2026-01-30 22:52:36
_sources\freqtrade\docs\strategy-customization.md	60106	2026-01-30 22:52:36
_sources\freqtrade\docs\stylesheets\ft.extra.css	1063	2026-01-30 22:52:37
_sources\freqtrade\docs\telegram-usage.md	20531	2026-01-30 22:52:36
_sources\freqtrade\docs\trade-object.md	11232	2026-01-30 22:52:36
_sources\freqtrade\docs\updating.md	2003	2026-01-30 22:52:36
_sources\freqtrade\docs\utils.md	15854	2026-01-30 22:52:36
_sources\freqtrade\docs\webhook-config.md	9634	2026-01-30 22:52:36
_sources\freqtrade\freqtrade.service	303	2026-01-30 22:52:40
_sources\freqtrade\freqtrade.service.watchdog	579	2026-01-30 22:52:40
_sources\freqtrade\freqtrade\__init__.py	976	2026-01-30 22:52:37
_sources\freqtrade\freqtrade\__main__.py	207	2026-01-30 22:52:37
_sources\freqtrade\freqtrade\__pycache__\__init__.cpython-311.pyc	1290	2026-02-28 10:03:58
_sources\freqtrade\freqtrade\__pycache__\__main__.cpython-311.pyc	432	2026-02-28 10:03:58
_sources\freqtrade\freqtrade\__pycache__\constants.cpython-311.pyc	6361	2026-02-28 10:03:58
_sources\freqtrade\freqtrade\__pycache__\exceptions.cpython-311.pyc	4124	2026-02-28 10:03:58
_sources\freqtrade\freqtrade\__pycache__\freqtradebot.cpython-311.pyc	123216	2026-02-28 10:03:59
_sources\freqtrade\freqtrade\__pycache__\main.cpython-311.pyc	3988	2026-02-28 10:03:59
_sources\freqtrade\freqtrade\__pycache__\misc.cpython-311.pyc	12182	2026-02-28 10:03:59
_sources\freqtrade\freqtrade\__pycache__\wallets.cpython-311.pyc	21720	2026-02-28 10:03:59
_sources\freqtrade\freqtrade\__pycache__\worker.cpython-311.pyc	11884	2026-02-28 10:03:59
_sources\freqtrade\freqtrade\commands\__init__.py	1733	2026-01-30 22:52:37
_sources\freqtrade\freqtrade\commands\__pycache__\__init__.cpython-311.pyc	2588	2026-02-28 10:03:58
_sources\freqtrade\freqtrade\commands\__pycache__\analyze_commands.cpython-311.pyc	1165	2026-02-28 10:03:58
_sources\freqtrade\freqtrade\commands\__pycache__\arguments.cpython-311.pyc	22493	2026-02-28 10:03:58
_sources\freqtrade\freqtrade\commands\__pycache__\build_config_commands.cpython-311.pyc	2693	2026-02-28 10:03:58
_sources\freqtrade\freqtrade\commands\__pycache__\cli_options.cpython-311.pyc	26919	2026-02-28 10:03:58
_sources\freqtrade\freqtrade\commands\__pycache__\data_commands.cpython-311.pyc	12996	2026-02-28 10:03:58
_sources\freqtrade\freqtrade\commands\__pycache__\db_commands.cpython-311.pyc	3104	2026-02-28 10:03:58
_sources\freqtrade\freqtrade\commands\__pycache__\deploy_commands.cpython-311.pyc	6281	2026-02-28 10:03:58
_sources\freqtrade\freqtrade\commands\__pycache__\deploy_ui.cpython-311.pyc	5695	2026-02-28 10:03:58
_sources\freqtrade\freqtrade\commands\__pycache__\hyperopt_commands.cpython-311.pyc	5027	2026-02-28 10:03:58
_sources\freqtrade\freqtrade\commands\__pycache__\list_commands.cpython-311.pyc	22224	2026-02-28 10:03:58
_sources\freqtrade\freqtrade\commands\__pycache__\optimize_commands.cpython-311.pyc	7543	2026-02-28 10:03:58
_sources\freqtrade\freqtrade\commands\__pycache__\pairlist_commands.cpython-311.pyc	2682	2026-02-28 10:03:58
_sources\freqtrade\freqtrade\commands\__pycache__\plot_commands.cpython-311.pyc	1971	2026-02-28 10:03:58
_sources\freqtrade\freqtrade\commands\__pycache__\strategy_utils_commands.cpython-311.pyc	2888	2026-02-28 10:03:58
_sources\freqtrade\freqtrade\commands\__pycache__\trade_commands.cpython-311.pyc	1468	2026-02-28 10:03:58
_sources\freqtrade\freqtrade\commands\__pycache__\webserver_commands.cpython-311.pyc	872	2026-02-28 10:03:58
_sources\freqtrade\freqtrade\commands\analyze_commands.py	624	2026-01-30 22:52:37
_sources\freqtrade\freqtrade\commands\arguments.py	23290	2026-01-30 22:52:37
_sources\freqtrade\freqtrade\commands\build_config_commands.py	1644	2026-01-30 22:52:37
_sources\freqtrade\freqtrade\commands\cli_options.py	27121	2026-01-30 22:52:37
_sources\freqtrade\freqtrade\commands\data_commands.py	7984	2026-01-30 22:52:37
_sources\freqtrade\freqtrade\commands\db_commands.py	1649	2026-01-30 22:52:37
_sources\freqtrade\freqtrade\commands\deploy_commands.py	4879	2026-01-30 22:52:37
_sources\freqtrade\freqtrade\commands\deploy_ui.py	2525	2026-01-30 22:52:37
_sources\freqtrade\freqtrade\commands\hyperopt_commands.py	3791	2026-01-30 22:52:37
_sources\freqtrade\freqtrade\commands\list_commands.py	13968	2026-01-30 22:52:37
_sources\freqtrade\freqtrade\commands\optimize_commands.py	5470	2026-01-30 22:52:37
_sources\freqtrade\freqtrade\commands\pairlist_commands.py	1461	2026-01-30 22:52:37
_sources\freqtrade\freqtrade\commands\plot_commands.py	1233	2026-01-30 22:52:37
_sources\freqtrade\freqtrade\commands\strategy_utils_commands.py	1731	2026-01-30 22:52:37
_sources\freqtrade\freqtrade\commands\trade_commands.py	744	2026-01-30 22:52:37
_sources\freqtrade\freqtrade\commands\webserver_commands.py	422	2026-01-30 22:52:37
_sources\freqtrade\freqtrade\config_schema\__init__.py	90	2026-01-30 22:52:37
_sources\freqtrade\freqtrade\config_schema\__pycache__\__init__.cpython-311.pyc	279	2026-02-28 10:03:58
_sources\freqtrade\freqtrade\config_schema\__pycache__\config_schema.cpython-311.pyc	31064	2026-02-28 10:03:58
_sources\freqtrade\freqtrade\config_schema\config_schema.py	60803	2026-01-30 22:52:37
_sources\freqtrade\freqtrade\configuration\__init__.py	468	2026-01-30 22:52:37
_sources\freqtrade\freqtrade\configuration\__pycache__\__init__.cpython-311.pyc	789	2026-02-28 10:03:58
_sources\freqtrade\freqtrade\configuration\__pycache__\config_secrets.cpython-311.pyc	2609	2026-02-28 10:03:58
_sources\freqtrade\freqtrade\configuration\__pycache__\config_setup.cpython-311.pyc	1294	2026-02-28 10:03:58
_sources\freqtrade\freqtrade\configuration\__pycache__\config_validation.cpython-311.pyc	24052	2026-02-28 10:03:58
_sources\freqtrade\freqtrade\configuration\__pycache__\configuration.cpython-311.pyc	27470	2026-02-28 10:03:58
_sources\freqtrade\freqtrade\configuration\__pycache__\deploy_config.cpython-311.pyc	9354	2026-02-28 10:03:58
_sources\freqtrade\freqtrade\configuration\__pycache__\deprecated_settings.cpython-311.pyc	6362	2026-02-28 10:03:58
_sources\freqtrade\freqtrade\configuration\__pycache__\detect_environment.cpython-311.pyc	536	2026-02-28 10:03:58
_sources\freqtrade\freqtrade\configuration\__pycache__\directory_operations.cpython-311.pyc	5959	2026-02-28 10:03:58
_sources\freqtrade\freqtrade\configuration\__pycache__\environment_vars.cpython-311.pyc	4595	2026-02-28 10:03:58
_sources\freqtrade\freqtrade\configuration\__pycache__\load_config.cpython-311.pyc	5834	2026-02-28 10:03:58
_sources\freqtrade\freqtrade\configuration\__pycache__\timerange.cpython-311.pyc	8427	2026-02-28 10:03:58
_sources\freqtrade\freqtrade\configuration\config_secrets.py	1977	2026-01-30 22:52:37
_sources\freqtrade\freqtrade\configuration\config_setup.py	768	2026-01-30 22:52:37
_sources\freqtrade\freqtrade\configuration\config_validation.py	17200	2026-01-30 22:52:37
_sources\freqtrade\freqtrade\configuration\configuration.py	23415	2026-01-30 22:52:37
_sources\freqtrade\freqtrade\configuration\deploy_config.py	8262	2026-01-30 22:52:37
_sources\freqtrade\freqtrade\configuration\deprecated_settings.py	6430	2026-01-30 22:52:37
_sources\freqtrade\freqtrade\configuration\detect_environment.py	163	2026-01-30 22:52:37
_sources\freqtrade\freqtrade\configuration\directory_operations.py	3944	2026-01-30 22:52:37
_sources\freqtrade\freqtrade\configuration\environment_vars.py	2816	2026-01-30 22:52:37
_sources\freqtrade\freqtrade\configuration\load_config.py	3896	2026-01-30 22:52:37
_sources\freqtrade\freqtrade\configuration\timerange.py	6300	2026-01-30 22:52:37
_sources\freqtrade\freqtrade\constants.py	6322	2026-01-30 22:52:37
_sources\freqtrade\freqtrade\data\__init__.py	185	2026-02-26 22:54:59
_sources\freqtrade\freqtrade\data\__pycache__\__init__.cpython-311.pyc	320	2026-02-28 10:03:58
_sources\freqtrade\freqtrade\data\__pycache__\dataprovider.cpython-311.pyc	30638	2026-02-28 10:03:58
_sources\freqtrade\freqtrade\data\__pycache__\entryexitanalysis.cpython-311.pyc	17150	2026-02-28 10:03:58
_sources\freqtrade\freqtrade\data\__pycache__\metrics.cpython-311.pyc	20613	2026-02-28 10:03:58
_sources\freqtrade\freqtrade\data\btanalysis\__init__.py	802	2026-02-26 22:54:59
_sources\freqtrade\freqtrade\data\btanalysis\__pycache__\__init__.cpython-311.pyc	1351	2026-02-28 10:03:58
_sources\freqtrade\freqtrade\data\btanalysis\__pycache__\bt_fileutils.cpython-311.pyc	28372	2026-02-28 10:03:58
_sources\freqtrade\freqtrade\data\btanalysis\__pycache__\historic_precision.cpython-311.pyc	1716	2026-02-28 10:03:58
_sources\freqtrade\freqtrade\data\btanalysis\__pycache__\trade_parallelism.cpython-311.pyc	3609	2026-02-28 10:03:58
_sources\freqtrade\freqtrade\data\btanalysis\bt_fileutils.py	20929	2026-02-26 22:54:59
_sources\freqtrade\freqtrade\data\btanalysis\historic_precision.py	1182	2026-02-26 22:54:59
_sources\freqtrade\freqtrade\data\btanalysis\trade_parallelism.py	2169	2026-02-26 22:54:59
_sources\freqtrade\freqtrade\data\converter\__init__.py	1060	2026-02-26 22:54:59
_sources\freqtrade\freqtrade\data\converter\__pycache__\__init__.cpython-311.pyc	1144	2026-02-28 10:03:58
_sources\freqtrade\freqtrade\data\converter\__pycache__\converter.cpython-311.pyc	14749	2026-02-28 10:03:58
_sources\freqtrade\freqtrade\data\converter\__pycache__\orderflow.cpython-311.pyc	12764	2026-02-28 10:03:58
_sources\freqtrade\freqtrade\data\converter\__pycache__\trade_converter.cpython-311.pyc	8937	2026-02-28 10:03:58
_sources\freqtrade\freqtrade\data\converter\__pycache__\trade_converter_kraken.cpython-311.pyc	6087	2026-02-28 10:03:58
_sources\freqtrade\freqtrade\data\converter\converter.py	10787	2026-02-26 22:54:59
_sources\freqtrade\freqtrade\data\converter\orderflow.py	10632	2026-02-26 22:54:59
_sources\freqtrade\freqtrade\data\converter\trade_converter.py	5857	2026-02-26 22:54:59
_sources\freqtrade\freqtrade\data\converter\trade_converter_kraken.py	3395	2026-02-26 22:54:59
_sources\freqtrade\freqtrade\data\dataprovider.py	26374	2026-02-26 22:54:59
_sources\freqtrade\freqtrade\data\entryexitanalysis.py	15007	2026-02-26 22:54:59
_sources\freqtrade\freqtrade\data\history\__init__.py	469	2026-02-26 22:54:59
_sources\freqtrade\freqtrade\data\history\__pycache__\__init__.cpython-311.pyc	808	2026-02-28 10:03:58
_sources\freqtrade\freqtrade\data\history\__pycache__\history_utils.cpython-311.pyc	36077	2026-02-28 10:03:58
_sources\freqtrade\freqtrade\data\history\datahandlers\__init__.py	77	2026-02-26 22:54:59
_sources\freqtrade\freqtrade\data\history\datahandlers\__pycache__\__init__.cpython-311.pyc	272	2026-02-28 10:03:58
_sources\freqtrade\freqtrade\data\history\datahandlers\__pycache__\featherdatahandler.cpython-311.pyc	10128	2026-02-28 10:03:58
_sources\freqtrade\freqtrade\data\history\datahandlers\__pycache__\idatahandler.cpython-311.pyc	31044	2026-02-28 10:03:58
_sources\freqtrade\freqtrade\data\history\datahandlers\__pycache__\jsondatahandler.cpython-311.pyc	8374	2026-02-28 10:03:58
_sources\freqtrade\freqtrade\data\history\datahandlers\__pycache__\parquetdatahandler.cpython-311.pyc	7348	2026-02-28 10:03:58
_sources\freqtrade\freqtrade\data\history\datahandlers\featherdatahandler.py	7510	2026-02-26 22:54:59
_sources\freqtrade\freqtrade\data\history\datahandlers\idatahandler.py	22727	2026-02-26 22:54:59
_sources\freqtrade\freqtrade\data\history\datahandlers\jsondatahandler.py	5974	2026-02-26 22:54:59
_sources\freqtrade\freqtrade\data\history\datahandlers\parquetdatahandler.py	5296	2026-02-26 22:54:59
_sources\freqtrade\freqtrade\data\history\history_utils.py	31200	2026-02-26 22:54:59
_sources\freqtrade\freqtrade\data\metrics.py	17341	2026-02-26 22:54:59
_sources\freqtrade\freqtrade\enums\__init__.py	859	2026-01-30 22:52:37
_sources\freqtrade\freqtrade\enums\__pycache__\__init__.cpython-311.pyc	1476	2026-02-28 10:03:58
_sources\freqtrade\freqtrade\enums\__pycache__\backteststate.cpython-311.pyc	836	2026-02-28 10:03:58
_sources\freqtrade\freqtrade\enums\__pycache__\candletype.cpython-311.pyc	1511	2026-02-28 10:03:58
_sources\freqtrade\freqtrade\enums\__pycache__\exitchecktuple.cpython-311.pyc	1650	2026-02-28 10:03:58
_sources\freqtrade\freqtrade\enums\__pycache__\exittype.cpython-311.pyc	1098	2026-02-28 10:03:58
_sources\freqtrade\freqtrade\enums\__pycache__\hyperoptstate.cpython-311.pyc	793	2026-02-28 10:03:58
_sources\freqtrade\freqtrade\enums\__pycache__\marginmode.cpython-311.pyc	877	2026-02-28 10:03:58
_sources\freqtrade\freqtrade\enums\__pycache__\marketstatetype.cpython-311.pyc	767	2026-02-28 10:03:58
_sources\freqtrade\freqtrade\enums\__pycache__\ordertypevalue.cpython-311.pyc	497	2026-02-28 10:03:58
_sources\freqtrade\freqtrade\enums\__pycache__\pricetype.cpython-311.pyc	587	2026-02-28 10:03:58
_sources\freqtrade\freqtrade\enums\__pycache__\rpcmessagetype.cpython-311.pyc	1816	2026-02-28 10:03:58
_sources\freqtrade\freqtrade\enums\__pycache__\runmode.cpython-311.pyc	1005	2026-02-28 10:03:58
_sources\freqtrade\freqtrade\enums\__pycache__\signaltype.cpython-311.pyc	1819	2026-02-28 10:03:58
_sources\freqtrade\freqtrade\enums\__pycache__\state.cpython-311.pyc	792	2026-02-28 10:03:58
_sources\freqtrade\freqtrade\enums\__pycache__\tradingmode.cpython-311.pyc	854	2026-02-28 10:03:58
_sources\freqtrade\freqtrade\enums\backteststate.py	239	2026-01-30 22:52:37
_sources\freqtrade\freqtrade\enums\candletype.py	799	2026-01-30 22:52:37
_sources\freqtrade\freqtrade\enums\exitchecktuple.py	641	2026-01-30 22:52:37
_sources\freqtrade\freqtrade\enums\exittype.py	620	2026-01-30 22:52:37
_sources\freqtrade\freqtrade\enums\hyperoptstate.py	209	2026-01-30 22:52:37
_sources\freqtrade\freqtrade\enums\marginmode.py	306	2026-01-30 22:52:37
_sources\freqtrade\freqtrade\enums\marketstatetype.py	262	2026-01-30 22:52:37
_sources\freqtrade\freqtrade\enums\ordertypevalue.py	100	2026-01-30 22:52:37
_sources\freqtrade\freqtrade\enums\pricetype.py	178	2026-01-30 22:52:37
_sources\freqtrade\freqtrade\enums\rpcmessagetype.py	976	2026-01-30 22:52:37
_sources\freqtrade\freqtrade\enums\runmode.py	554	2026-01-30 22:52:37
_sources\freqtrade\freqtrade\enums\signaltype.py	628	2026-01-30 22:52:37
_sources\freqtrade\freqtrade\enums\state.py	218	2026-01-30 22:52:37
_sources\freqtrade\freqtrade\enums\tradingmode.py	283	2026-01-30 22:52:37
_sources\freqtrade\freqtrade\exceptions.py	2200	2026-01-30 22:52:37
_sources\freqtrade\freqtrade\exchange\__init__.py	1707	2026-01-30 22:52:37
_sources\freqtrade\freqtrade\exchange\__pycache__\__init__.cpython-311.pyc	2809	2026-02-28 10:03:58
_sources\freqtrade\freqtrade\exchange\__pycache__\binance.cpython-311.pyc	26855	2026-02-28 10:03:58
_sources\freqtrade\freqtrade\exchange\__pycache__\binance_public_data.cpython-311.pyc	26348	2026-02-28 10:03:58
_sources\freqtrade\freqtrade\exchange\__pycache__\bingx.cpython-311.pyc	1097	2026-02-28 10:03:58
_sources\freqtrade\freqtrade\exchange\__pycache__\bitget.cpython-311.pyc	14199	2026-02-28 10:03:58
_sources\freqtrade\freqtrade\exchange\__pycache__\bitmart.cpython-311.pyc	984	2026-02-28 10:03:58
_sources\freqtrade\freqtrade\exchange\__pycache__\bitpanda.cpython-311.pyc	2499	2026-02-28 10:03:58
_sources\freqtrade\freqtrade\exchange\__pycache__\bitvavo.cpython-311.pyc	1116	2026-02-28 10:03:58
_sources\freqtrade\freqtrade\exchange\__pycache__\bybit.cpython-311.pyc	15349	2026-02-28 10:03:58
_sources\freqtrade\freqtrade\exchange\__pycache__\check_exchange.cpython-311.pyc	3803	2026-02-28 10:03:58
_sources\freqtrade\freqtrade\exchange\__pycache__\coinex.cpython-311.pyc	1159	2026-02-28 10:03:58
_sources\freqtrade\freqtrade\exchange\__pycache__\common.cpython-311.pyc	7675	2026-02-28 10:03:58
_sources\freqtrade\freqtrade\exchange\__pycache__\cryptocom.cpython-311.pyc	931	2026-02-28 10:03:58
_sources\freqtrade\freqtrade\exchange\__pycache__\exchange.cpython-311.pyc	204134	2026-02-28 10:03:58
_sources\freqtrade\freqtrade\exchange\__pycache__\exchange_types.cpython-311.pyc	6221	2026-02-28 10:03:58
_sources\freqtrade\freqtrade\exchange\__pycache__\exchange_utils.cpython-311.pyc	17337	2026-02-28 10:03:58
_sources\freqtrade\freqtrade\exchange\__pycache__\exchange_utils_timeframe.cpython-311.pyc	3900	2026-02-28 10:03:58
_sources\freqtrade\freqtrade\exchange\__pycache__\exchange_ws.cpython-311.pyc	14948	2026-02-28 10:03:58
_sources\freqtrade\freqtrade\exchange\__pycache__\gate.cpython-311.pyc	6095	2026-02-28 10:03:58
_sources\freqtrade\freqtrade\exchange\__pycache__\hitbtc.cpython-311.pyc	1074	2026-02-28 10:03:58
_sources\freqtrade\freqtrade\exchange\__pycache__\htx.cpython-311.pyc	1747	2026-02-28 10:03:58
_sources\freqtrade\freqtrade\exchange\__pycache__\hyperliquid.cpython-311.pyc	16586	2026-02-28 10:03:58
_sources\freqtrade\freqtrade\exchange\__pycache__\idex.cpython-311.pyc	914	2026-02-28 10:03:58
_sources\freqtrade\freqtrade\exchange\__pycache__\kraken.cpython-311.pyc	10958	2026-02-28 10:03:58
_sources\freqtrade\freqtrade\exchange\__pycache__\kucoin.cpython-311.pyc	2789	2026-02-28 10:03:58
_sources\freqtrade\freqtrade\exchange\__pycache__\lbank.cpython-311.pyc	949	2026-02-28 10:03:58
_sources\freqtrade\freqtrade\exchange\__pycache__\luno.cpython-311.pyc	1124	2026-02-28 10:03:58
_sources\freqtrade\freqtrade\exchange\__pycache__\modetrade.cpython-311.pyc	1086	2026-02-28 10:03:58
_sources\freqtrade\freqtrade\exchange\__pycache__\okx.cpython-311.pyc	16249	2026-02-28 10:03:58
_sources\freqtrade\freqtrade\exchange\binance.py	22448	2026-01-30 22:52:37
_sources\freqtrade\freqtrade\exchange\binance_leverage_tiers.json	2446094	2026-01-30 22:52:37
_sources\freqtrade\freqtrade\exchange\binance_public_data.py	19052	2026-01-30 22:52:37
_sources\freqtrade\freqtrade\exchange\bingx.py	632	2026-01-30 22:52:37
_sources\freqtrade\freqtrade\exchange\bitget.py	10747	2026-01-30 22:52:37
_sources\freqtrade\freqtrade\exchange\bitmart.py	561	2026-01-30 22:52:37
_sources\freqtrade\freqtrade\exchange\bitpanda.py	1548	2026-01-30 22:52:37
_sources\freqtrade\freqtrade\exchange\bitvavo.py	578	2026-01-30 22:52:37
_sources\freqtrade\freqtrade\exchange\bybit.py	12900	2026-01-30 22:52:37
_sources\freqtrade\freqtrade\exchange\check_exchange.py	2994	2026-01-30 22:52:37
_sources\freqtrade\freqtrade\exchange\coinex.py	635	2026-01-30 22:52:37
_sources\freqtrade\freqtrade\exchange\common.py	6402	2026-01-30 22:52:37
_sources\freqtrade\freqtrade\exchange\cryptocom.py	393	2026-01-30 22:52:37
_sources\freqtrade\freqtrade\exchange\exchange.py	170726	2026-01-30 22:52:37
_sources\freqtrade\freqtrade\exchange\exchange_types.py	3855	2026-01-30 22:52:37
_sources\freqtrade\freqtrade\exchange\exchange_utils.py	13223	2026-01-30 22:52:37
_sources\freqtrade\freqtrade\exchange\exchange_utils_timeframe.py	2729	2026-01-30 22:52:37
_sources\freqtrade\freqtrade\exchange\exchange_ws.py	9301	2026-01-30 22:52:37
_sources\freqtrade\freqtrade\exchange\gate.py	5031	2026-01-30 22:52:37
_sources\freqtrade\freqtrade\exchange\hitbtc.py	546	2026-01-30 22:52:37
_sources\freqtrade\freqtrade\exchange\htx.py	1107	2026-01-30 22:52:37
_sources\freqtrade\freqtrade\exchange\hyperliquid.py	13384	2026-01-30 22:52:37
_sources\freqtrade\freqtrade\exchange\idex.py	382	2026-01-30 22:52:37
_sources\freqtrade\freqtrade\exchange\kraken.py	7897	2026-01-30 22:52:37
_sources\freqtrade\freqtrade\exchange\kucoin.py	2200	2026-01-30 22:52:37
_sources\freqtrade\freqtrade\exchange\lbank.py	483	2026-01-30 22:52:37
_sources\freqtrade\freqtrade\exchange\luno.py	732	2026-01-30 22:52:37
_sources\freqtrade\freqtrade\exchange\modetrade.py	797	2026-01-30 22:52:37
_sources\freqtrade\freqtrade\exchange\okx.py	11495	2026-01-30 22:52:37
_sources\freqtrade\freqtrade\freqai\__init__.py	0	2026-01-30 22:52:37
_sources\freqtrade\freqtrade\freqai\__pycache__\__init__.cpython-311.pyc	158	2026-02-28 10:03:58
_sources\freqtrade\freqtrade\freqai\__pycache__\data_drawer.cpython-311.pyc	46459	2026-02-28 10:03:58
_sources\freqtrade\freqtrade\freqai\__pycache__\data_kitchen.cpython-311.pyc	52390	2026-02-28 10:03:58
_sources\freqtrade\freqtrade\freqai\__pycache__\freqai_interface.cpython-311.pyc	57080	2026-02-28 10:03:58
_sources\freqtrade\freqtrade\freqai\__pycache__\utils.cpython-311.pyc	11066	2026-02-28 10:03:59
_sources\freqtrade\freqtrade\freqai\base_models\__pycache__\BaseClassifierModel.cpython-311.pyc	7103	2026-02-28 10:03:58
_sources\freqtrade\freqtrade\freqai\base_models\__pycache__\BasePyTorchClassifier.cpython-311.pyc	12378	2026-02-28 10:03:58
_sources\freqtrade\freqtrade\freqai\base_models\__pycache__\BasePyTorchModel.cpython-311.pyc	2645	2026-02-28 10:03:58
_sources\freqtrade\freqtrade\freqai\base_models\__pycache__\BasePyTorchRegressor.cpython-311.pyc	6908	2026-02-28 10:03:58
_sources\freqtrade\freqtrade\freqai\base_models\__pycache__\BaseRegressionModel.cpython-311.pyc	7458	2026-02-28 10:03:58
_sources\freqtrade\freqtrade\freqai\base_models\__pycache__\FreqaiMultiOutputClassifier.cpython-311.pyc	5487	2026-02-28 10:03:58
_sources\freqtrade\freqtrade\freqai\base_models\__pycache__\FreqaiMultiOutputRegressor.cpython-311.pyc	3595	2026-02-28 10:03:58
_sources\freqtrade\freqtrade\freqai\base_models\BaseClassifierModel.py	4970	2026-01-30 22:52:37
_sources\freqtrade\freqtrade\freqai\base_models\BasePyTorchClassifier.py	7996	2026-01-30 22:52:37
_sources\freqtrade\freqtrade\freqai\base_models\BasePyTorchModel.py	1276	2026-01-30 22:52:37
_sources\freqtrade\freqtrade\freqai\base_models\BasePyTorchRegressor.py	4413	2026-01-30 22:52:37
_sources\freqtrade\freqtrade\freqai\base_models\BaseRegressionModel.py	5325	2026-01-30 22:52:37
_sources\freqtrade\freqtrade\freqai\base_models\FreqaiMultiOutputClassifier.py	3381	2026-01-30 22:52:37
_sources\freqtrade\freqtrade\freqai\base_models\FreqaiMultiOutputRegressor.py	2290	2026-01-30 22:52:37
_sources\freqtrade\freqtrade\freqai\data_drawer.py	32842	2026-01-30 22:52:37
_sources\freqtrade\freqtrade\freqai\data_kitchen.py	43791	2026-01-30 22:52:37
_sources\freqtrade\freqtrade\freqai\freqai_interface.py	46036	2026-01-30 22:52:37
_sources\freqtrade\freqtrade\freqai\prediction_models\__init__.py	0	2026-01-30 22:52:37
_sources\freqtrade\freqtrade\freqai\prediction_models\__pycache__\__init__.cpython-311.pyc	176	2026-02-28 10:03:58
_sources\freqtrade\freqtrade\freqai\prediction_models\__pycache__\LightGBMClassifier.cpython-311.pyc	2952	2026-02-28 10:03:58
_sources\freqtrade\freqtrade\freqai\prediction_models\__pycache__\LightGBMClassifierMultiTarget.cpython-311.pyc	3783	2026-02-28 10:03:58
_sources\freqtrade\freqtrade\freqai\prediction_models\__pycache__\LightGBMRegressor.cpython-311.pyc	2680	2026-02-28 10:03:58
_sources\freqtrade\freqtrade\freqai\prediction_models\__pycache__\LightGBMRegressorMultiTarget.cpython-311.pyc	3786	2026-02-28 10:03:58
_sources\freqtrade\freqtrade\freqai\prediction_models\__pycache__\PyTorchMLPClassifier.cpython-311.pyc	5023	2026-02-28 10:03:58
_sources\freqtrade\freqtrade\freqai\prediction_models\__pycache__\PyTorchMLPRegressor.cpython-311.pyc	4662	2026-02-28 10:03:58
_sources\freqtrade\freqtrade\freqai\prediction_models\__pycache__\PyTorchTransformerRegressor.cpython-311.pyc	8896	2026-02-28 10:03:58
_sources\freqtrade\freqtrade\freqai\prediction_models\__pycache__\ReinforcementLearner.cpython-311.pyc	9107	2026-02-28 10:03:58
_sources\freqtrade\freqtrade\freqai\prediction_models\__pycache__\ReinforcementLearner_multiproc.cpython-311.pyc	4708	2026-02-28 10:03:58
_sources\freqtrade\freqtrade\freqai\prediction_models\__pycache__\SKLearnRandomForestClassifier.cpython-311.pyc	5432	2026-02-28 10:03:58
_sources\freqtrade\freqtrade\freqai\prediction_models\__pycache__\XGBoostClassifier.cpython-311.pyc	5529	2026-02-28 10:03:58
_sources\freqtrade\freqtrade\freqai\prediction_models\__pycache__\XGBoostRegressor.cpython-311.pyc	3020	2026-02-28 10:03:58
_sources\freqtrade\freqtrade\freqai\prediction_models\__pycache__\XGBoostRegressorMultiTarget.cpython-311.pyc	3131	2026-02-28 10:03:58
_sources\freqtrade\freqtrade\freqai\prediction_models\__pycache__\XGBoostRFClassifier.cpython-311.pyc	5542	2026-02-28 10:03:58
_sources\freqtrade\freqtrade\freqai\prediction_models\__pycache__\XGBoostRFRegressor.cpython-311.pyc	2689	2026-02-28 10:03:58
_sources\freqtrade\freqtrade\freqai\prediction_models\LightGBMClassifier.py	2045	2026-01-30 22:52:37
_sources\freqtrade\freqtrade\freqai\prediction_models\LightGBMClassifierMultiTarget.py	2768	2026-01-30 22:52:37
_sources\freqtrade\freqtrade\freqai\prediction_models\LightGBMRegressor.py	1898	2026-01-30 22:52:37
_sources\freqtrade\freqtrade\freqai\prediction_models\LightGBMRegressorMultiTarget.py	2814	2026-01-30 22:52:37
_sources\freqtrade\freqtrade\freqai\prediction_models\PyTorchMLPClassifier.py	3531	2026-01-30 22:52:37
_sources\freqtrade\freqtrade\freqai\prediction_models\PyTorchMLPRegressor.py	3207	2026-01-30 22:52:37
_sources\freqtrade\freqtrade\freqai\prediction_models\PyTorchTransformerRegressor.py	6088	2026-01-30 22:52:37
_sources\freqtrade\freqtrade\freqai\prediction_models\ReinforcementLearner.py	7116	2026-01-30 22:52:37
_sources\freqtrade\freqtrade\freqai\prediction_models\ReinforcementLearner_multiproc.py	3042	2026-01-30 22:52:37
_sources\freqtrade\freqtrade\freqai\prediction_models\SKLearnRandomForestClassifier.py	3237	2026-01-30 22:52:37
_sources\freqtrade\freqtrade\freqai\prediction_models\XGBoostClassifier.py	3316	2026-01-30 22:52:37
_sources\freqtrade\freqtrade\freqai\prediction_models\XGBoostRegressor.py	2169	2026-01-30 22:52:37
_sources\freqtrade\freqtrade\freqai\prediction_models\XGBoostRegressorMultiTarget.py	2258	2026-01-30 22:52:37
_sources\freqtrade\freqtrade\freqai\prediction_models\XGBoostRFClassifier.py	3323	2026-01-30 22:52:37
_sources\freqtrade\freqtrade\freqai\prediction_models\XGBoostRFRegressor.py	2330	2026-01-30 22:52:37
_sources\freqtrade\freqtrade\freqai\RL\__init__.py	0	2026-01-30 22:52:37
_sources\freqtrade\freqtrade\freqai\RL\__pycache__\__init__.cpython-311.pyc	161	2026-02-28 10:03:58
_sources\freqtrade\freqtrade\freqai\RL\__pycache__\Base3ActionRLEnv.cpython-311.pyc	6750	2026-02-28 10:03:58
_sources\freqtrade\freqtrade\freqai\RL\__pycache__\Base4ActionRLEnv.cpython-311.pyc	7160	2026-02-28 10:03:58
_sources\freqtrade\freqtrade\freqai\RL\__pycache__\Base5ActionRLEnv.cpython-311.pyc	7831	2026-02-28 10:03:58
_sources\freqtrade\freqtrade\freqai\RL\__pycache__\BaseEnvironment.cpython-311.pyc	18539	2026-02-28 10:03:58
_sources\freqtrade\freqtrade\freqai\RL\__pycache__\BaseReinforcementLearningModel.cpython-311.pyc	27362	2026-02-28 10:03:58
_sources\freqtrade\freqtrade\freqai\RL\Base3ActionRLEnv.py	4691	2026-01-30 22:52:37
_sources\freqtrade\freqtrade\freqai\RL\Base4ActionRLEnv.py	5121	2026-01-30 22:52:37
_sources\freqtrade\freqtrade\freqai\RL\Base5ActionRLEnv.py	5720	2026-01-30 22:52:37
_sources\freqtrade\freqtrade\freqai\RL\BaseEnvironment.py	15330	2026-01-30 22:52:37
_sources\freqtrade\freqtrade\freqai\RL\BaseReinforcementLearningModel.py	20660	2026-01-30 22:52:37
_sources\freqtrade\freqtrade\freqai\tensorboard\__init__.py	539	2026-01-30 22:52:37
_sources\freqtrade\freqtrade\freqai\tensorboard\__pycache__\__init__.cpython-311.pyc	652	2026-02-28 10:03:58
_sources\freqtrade\freqtrade\freqai\tensorboard\__pycache__\base_tensorboard.cpython-311.pyc	2192	2026-02-28 10:03:58
_sources\freqtrade\freqtrade\freqai\tensorboard\__pycache__\tensorboard.cpython-311.pyc	3948	2026-02-28 10:03:58
_sources\freqtrade\freqtrade\freqai\tensorboard\__pycache__\TensorboardCallback.cpython-311.pyc	3120	2026-02-28 10:03:58
_sources\freqtrade\freqtrade\freqai\tensorboard\base_tensorboard.py	675	2026-01-30 22:52:38
_sources\freqtrade\freqtrade\freqai\tensorboard\tensorboard.py	1826	2026-01-30 22:52:38
_sources\freqtrade\freqtrade\freqai\tensorboard\TensorboardCallback.py	2127	2026-01-30 22:52:37
_sources\freqtrade\freqtrade\freqai\torch\__init__.py	0	2026-01-30 22:52:38
_sources\freqtrade\freqtrade\freqai\torch\__pycache__\__init__.cpython-311.pyc	164	2026-02-28 10:03:58
_sources\freqtrade\freqtrade\freqai\torch\__pycache__\datasets.cpython-311.pyc	1510	2026-02-28 10:03:58
_sources\freqtrade\freqtrade\freqai\torch\__pycache__\PyTorchDataConvertor.cpython-311.pyc	3382	2026-02-28 10:03:58
_sources\freqtrade\freqtrade\freqai\torch\__pycache__\PyTorchMLPModel.cpython-311.pyc	6733	2026-02-28 10:03:58
_sources\freqtrade\freqtrade\freqai\torch\__pycache__\PyTorchModelTrainer.cpython-311.pyc	11972	2026-02-28 10:03:58
_sources\freqtrade\freqtrade\freqai\torch\__pycache__\PyTorchTrainerInterface.cpython-311.pyc	3186	2026-02-28 10:03:58
_sources\freqtrade\freqtrade\freqai\torch\__pycache__\PyTorchTransformerModel.cpython-311.pyc	5930	2026-02-28 10:03:58
_sources\freqtrade\freqtrade\freqai\torch\datasets.py	668	2026-01-30 22:52:38
_sources\freqtrade\freqtrade\freqai\torch\PyTorchDataConvertor.py	1874	2026-01-30 22:52:38
_sources\freqtrade\freqtrade\freqai\torch\PyTorchMLPModel.py	3762	2026-01-30 22:52:38
_sources\freqtrade\freqtrade\freqai\torch\PyTorchModelTrainer.py	8769	2026-01-30 22:52:38
_sources\freqtrade\freqtrade\freqai\torch\PyTorchTrainerInterface.py	1995	2026-01-30 22:52:38
_sources\freqtrade\freqtrade\freqai\torch\PyTorchTransformerModel.py	3677	2026-01-30 22:52:38
_sources\freqtrade\freqtrade\freqai\utils.py	7608	2026-01-30 22:52:37
_sources\freqtrade\freqtrade\freqtradebot.py	111838	2026-01-30 22:52:37
_sources\freqtrade\freqtrade\ft_types\__init__.py	405	2026-01-30 22:52:38
_sources\freqtrade\freqtrade\ft_types\__pycache__\__init__.cpython-311.pyc	719	2026-02-28 10:03:59
_sources\freqtrade\freqtrade\ft_types\__pycache__\backtest_result_type.cpython-311.pyc	3035	2026-02-28 10:03:59
_sources\freqtrade\freqtrade\ft_types\__pycache__\plot_annotation_type.cpython-311.pyc	2595	2026-02-28 10:03:59
_sources\freqtrade\freqtrade\ft_types\__pycache__\valid_exchanges_type.cpython-311.pyc	1143	2026-02-28 10:03:59
_sources\freqtrade\freqtrade\ft_types\backtest_result_type.py	1393	2026-01-30 22:52:38
_sources\freqtrade\freqtrade\ft_types\plot_annotation_type.py	1053	2026-01-30 22:52:38
_sources\freqtrade\freqtrade\ft_types\valid_exchanges_type.py	390	2026-01-30 22:52:38
_sources\freqtrade\freqtrade\leverage\__init__.py	63	2026-01-30 22:52:38
_sources\freqtrade\freqtrade\leverage\__pycache__\__init__.cpython-311.pyc	234	2026-02-28 10:03:59
_sources\freqtrade\freqtrade\leverage\__pycache__\interest.cpython-311.pyc	1804	2026-02-28 10:03:59
_sources\freqtrade\freqtrade\leverage\__pycache__\liquidation_price.cpython-311.pyc	2823	2026-02-28 10:03:59
_sources\freqtrade\freqtrade\leverage\interest.py	1245	2026-01-30 22:52:38
_sources\freqtrade\freqtrade\leverage\liquidation_price.py	2519	2026-01-30 22:52:38
_sources\freqtrade\freqtrade\loggers\__init__.py	8744	2026-01-30 22:52:38
_sources\freqtrade\freqtrade\loggers\__pycache__\__init__.cpython-311.pyc	10732	2026-02-28 10:03:59
_sources\freqtrade\freqtrade\loggers\__pycache__\buffering_handler.cpython-311.pyc	1148	2026-02-28 10:03:59
_sources\freqtrade\freqtrade\loggers\__pycache__\ft_rich_handler.cpython-311.pyc	2830	2026-02-28 10:03:59
_sources\freqtrade\freqtrade\loggers\__pycache__\json_formatter.cpython-311.pyc	3893	2026-02-28 10:03:59
_sources\freqtrade\freqtrade\loggers\__pycache__\rich_console.cpython-311.pyc	1346	2026-02-28 10:03:59
_sources\freqtrade\freqtrade\loggers\__pycache__\set_log_levels.cpython-311.pyc	1570	2026-02-28 10:03:59
_sources\freqtrade\freqtrade\loggers\__pycache__\std_err_stream_handler.cpython-311.pyc	1710	2026-02-28 10:03:59
_sources\freqtrade\freqtrade\loggers\buffering_handler.py	506	2026-01-30 22:52:38
_sources\freqtrade\freqtrade\loggers\ft_rich_handler.py	1734	2026-01-30 22:52:38
_sources\freqtrade\freqtrade\loggers\json_formatter.py	2513	2026-01-30 22:52:38
_sources\freqtrade\freqtrade\loggers\rich_console.py	685	2026-01-30 22:52:38
_sources\freqtrade\freqtrade\loggers\set_log_levels.py	822	2026-01-30 22:52:38
_sources\freqtrade\freqtrade\loggers\std_err_stream_handler.py	714	2026-01-30 22:52:38
_sources\freqtrade\freqtrade\main.py	2591	2026-01-30 22:52:37
_sources\freqtrade\freqtrade\misc.py	7403	2026-01-30 22:52:37
_sources\freqtrade\freqtrade\mixins\__init__.py	70	2026-01-30 22:52:38
_sources\freqtrade\freqtrade\mixins\__pycache__\__init__.cpython-311.pyc	239	2026-02-28 10:03:59
_sources\freqtrade\freqtrade\mixins\__pycache__\logging_mixin.cpython-311.pyc	2451	2026-02-28 10:03:59
_sources\freqtrade\freqtrade\mixins\logging_mixin.py	1479	2026-01-30 22:52:38
_sources\freqtrade\freqtrade\optimize\__init__.py	0	2026-01-30 22:52:38
_sources\freqtrade\freqtrade\optimize\__pycache__\__init__.cpython-311.pyc	160	2026-02-28 10:03:59
_sources\freqtrade\freqtrade\optimize\__pycache__\backtest_caching.cpython-311.pyc	2469	2026-02-28 10:03:59
_sources\freqtrade\freqtrade\optimize\__pycache__\backtesting.cpython-311.pyc	80349	2026-02-28 10:03:59
_sources\freqtrade\freqtrade\optimize\__pycache__\bt_progress.cpython-311.pyc	2201	2026-02-28 10:03:59
_sources\freqtrade\freqtrade\optimize\__pycache__\hyperopt_epoch_filters.cpython-311.pyc	7640	2026-02-28 10:03:59
_sources\freqtrade\freqtrade\optimize\__pycache__\hyperopt_tools.cpython-311.pyc	25039	2026-02-28 10:03:59
_sources\freqtrade\freqtrade\optimize\analysis\__init__.py	0	2026-01-30 22:52:38
_sources\freqtrade\freqtrade\optimize\analysis\__pycache__\__init__.cpython-311.pyc	169	2026-02-28 10:03:59
_sources\freqtrade\freqtrade\optimize\analysis\__pycache__\base_analysis.cpython-311.pyc	3519	2026-02-28 10:03:59
_sources\freqtrade\freqtrade\optimize\analysis\__pycache__\lookahead.cpython-311.pyc	14468	2026-02-28 10:03:59
_sources\freqtrade\freqtrade\optimize\analysis\__pycache__\lookahead_helpers.cpython-311.pyc	12482	2026-02-28 10:03:59
_sources\freqtrade\freqtrade\optimize\analysis\__pycache__\recursive.cpython-311.pyc	11345	2026-02-28 10:03:59
_sources\freqtrade\freqtrade\optimize\analysis\__pycache__\recursive_helpers.cpython-311.pyc	5975	2026-02-28 10:03:59
_sources\freqtrade\freqtrade\optimize\analysis\base_analysis.py	1849	2026-01-30 22:52:38
_sources\freqtrade\freqtrade\optimize\analysis\lookahead.py	12270	2026-01-30 22:52:38
_sources\freqtrade\freqtrade\optimize\analysis\lookahead_helpers.py	11558	2026-01-30 22:52:38
_sources\freqtrade\freqtrade\optimize\analysis\recursive.py	9046	2026-01-30 22:52:38
_sources\freqtrade\freqtrade\optimize\analysis\recursive_helpers.py	4435	2026-01-30 22:52:38
_sources\freqtrade\freqtrade\optimize\backtest_caching.py	1497	2026-01-30 22:52:38
_sources\freqtrade\freqtrade\optimize\backtesting.py	78734	2026-01-30 22:52:38
_sources\freqtrade\freqtrade\optimize\bt_progress.py	855	2026-01-30 22:52:38
_sources\freqtrade\freqtrade\optimize\hyperopt\__init__.py	183	2026-01-30 22:52:38
_sources\freqtrade\freqtrade\optimize\hyperopt\__pycache__\__init__.cpython-311.pyc	399	2026-02-28 10:03:59
_sources\freqtrade\freqtrade\optimize\hyperopt\__pycache__\hyperopt.cpython-311.pyc	18548	2026-02-28 10:03:59
_sources\freqtrade\freqtrade\optimize\hyperopt\__pycache__\hyperopt_auto.cpython-311.pyc	6646	2026-02-28 10:03:59
_sources\freqtrade\freqtrade\optimize\hyperopt\__pycache__\hyperopt_interface.cpython-311.pyc	9017	2026-02-28 10:03:59
_sources\freqtrade\freqtrade\optimize\hyperopt\__pycache__\hyperopt_logger.cpython-311.pyc	2178	2026-02-28 10:03:59
_sources\freqtrade\freqtrade\optimize\hyperopt\__pycache__\hyperopt_optimizer.cpython-311.pyc	26015	2026-02-28 10:03:59
_sources\freqtrade\freqtrade\optimize\hyperopt\__pycache__\hyperopt_output.cpython-311.pyc	6668	2026-02-28 10:03:59
_sources\freqtrade\freqtrade\optimize\hyperopt\hyperopt.py	12807	2026-01-30 22:52:38
_sources\freqtrade\freqtrade\optimize\hyperopt\hyperopt_auto.py	3638	2026-01-30 22:52:38
_sources\freqtrade\freqtrade\optimize\hyperopt\hyperopt_interface.py	8622	2026-01-30 22:52:38
_sources\freqtrade\freqtrade\optimize\hyperopt\hyperopt_logger.py	1427	2026-01-30 22:52:38
_sources\freqtrade\freqtrade\optimize\hyperopt\hyperopt_optimizer.py	19868	2026-01-30 22:52:38
_sources\freqtrade\freqtrade\optimize\hyperopt\hyperopt_output.py	5619	2026-01-30 22:52:38
_sources\freqtrade\freqtrade\optimize\hyperopt_epoch_filters.py	4464	2026-01-30 22:52:38
_sources\freqtrade\freqtrade\optimize\hyperopt_loss\__pycache__\hyperopt_loss_calmar.cpython-311.pyc	1563	2026-02-28 10:03:59
_sources\freqtrade\freqtrade\optimize\hyperopt_loss\__pycache__\hyperopt_loss_interface.cpython-311.pyc	1769	2026-02-28 10:03:59
_sources\freqtrade\freqtrade\optimize\hyperopt_loss\__pycache__\hyperopt_loss_max_drawdown.cpython-311.pyc	1960	2026-02-28 10:03:59
_sources\freqtrade\freqtrade\optimize\hyperopt_loss\__pycache__\hyperopt_loss_max_drawdown_per_pair.cpython-311.pyc	2303	2026-02-28 10:03:59
_sources\freqtrade\freqtrade\optimize\hyperopt_loss\__pycache__\hyperopt_loss_max_drawdown_relative.cpython-311.pyc	2193	2026-02-28 10:03:59
_sources\freqtrade\freqtrade\optimize\hyperopt_loss\__pycache__\hyperopt_loss_multi_metric.cpython-311.pyc	4474	2026-02-28 10:03:59
_sources\freqtrade\freqtrade\optimize\hyperopt_loss\__pycache__\hyperopt_loss_onlyprofit.cpython-311.pyc	1424	2026-02-28 10:03:59
_sources\freqtrade\freqtrade\optimize\hyperopt_loss\__pycache__\hyperopt_loss_profit_drawdown.cpython-311.pyc	1781	2026-02-28 10:03:59
_sources\freqtrade\freqtrade\optimize\hyperopt_loss\__pycache__\hyperopt_loss_sharpe.cpython-311.pyc	1562	2026-02-28 10:03:59
_sources\freqtrade\freqtrade\optimize\hyperopt_loss\__pycache__\hyperopt_loss_sharpe_daily.cpython-311.pyc	2581	2026-02-28 10:03:59
_sources\freqtrade\freqtrade\optimize\hyperopt_loss\__pycache__\hyperopt_loss_short_trade_dur.cpython-311.pyc	2492	2026-02-28 10:03:59
_sources\freqtrade\freqtrade\optimize\hyperopt_loss\__pycache__\hyperopt_loss_sortino.cpython-311.pyc	1571	2026-02-28 10:03:59
_sources\freqtrade\freqtrade\optimize\hyperopt_loss\__pycache__\hyperopt_loss_sortino_daily.cpython-311.pyc	2950	2026-02-28 10:03:59
_sources\freqtrade\freqtrade\optimize\hyperopt_loss\hyperopt_loss_calmar.py	996	2026-01-30 22:52:38
_sources\freqtrade\freqtrade\optimize\hyperopt_loss\hyperopt_loss_interface.py	934	2026-01-30 22:52:38
_sources\freqtrade\freqtrade\optimize\hyperopt_loss\hyperopt_loss_max_drawdown.py	1239	2026-01-30 22:52:38
_sources\freqtrade\freqtrade\optimize\hyperopt_loss\hyperopt_loss_max_drawdown_per_pair.py	1931	2026-01-30 22:52:38
_sources\freqtrade\freqtrade\optimize\hyperopt_loss\hyperopt_loss_max_drawdown_relative.py	1382	2026-01-30 22:52:38
_sources\freqtrade\freqtrade\optimize\hyperopt_loss\hyperopt_loss_multi_metric.py	3887	2026-01-30 22:52:38
_sources\freqtrade\freqtrade\optimize\hyperopt_loss\hyperopt_loss_onlyprofit.py	716	2026-01-30 22:52:38
_sources\freqtrade\freqtrade\optimize\hyperopt_loss\hyperopt_loss_profit_drawdown.py	1140	2026-01-30 22:52:38
_sources\freqtrade\freqtrade\optimize\hyperopt_loss\hyperopt_loss_sharpe.py	989	2026-01-30 22:52:38
_sources\freqtrade\freqtrade\optimize\hyperopt_loss\hyperopt_loss_sharpe_daily.py	2106	2026-01-30 22:52:38
_sources\freqtrade\freqtrade\optimize\hyperopt_loss\hyperopt_loss_short_trade_dur.py	1950	2026-01-30 22:52:38
_sources\freqtrade\freqtrade\optimize\hyperopt_loss\hyperopt_loss_sortino.py	1003	2026-01-30 22:52:38
_sources\freqtrade\freqtrade\optimize\hyperopt_loss\hyperopt_loss_sortino_daily.py	2566	2026-01-30 22:52:38
_sources\freqtrade\freqtrade\optimize\hyperopt_tools.py	17182	2026-01-30 22:52:38
_sources\freqtrade\freqtrade\optimize\optimize_reports\__init__.py	828	2026-01-30 22:52:38
_sources\freqtrade\freqtrade\optimize\optimize_reports\__pycache__\__init__.cpython-311.pyc	1346	2026-02-28 10:03:59
_sources\freqtrade\freqtrade\optimize\optimize_reports\__pycache__\bt_output.cpython-311.pyc	23350	2026-02-28 10:03:59
_sources\freqtrade\freqtrade\optimize\optimize_reports\__pycache__\bt_storage.cpython-311.pyc	8296	2026-02-28 10:03:59
_sources\freqtrade\freqtrade\optimize\optimize_reports\__pycache__\optimize_reports.cpython-311.pyc	36735	2026-02-28 10:03:59
_sources\freqtrade\freqtrade\optimize\optimize_reports\bt_output.py	19467	2026-01-30 22:52:38
_sources\freqtrade\freqtrade\optimize\optimize_reports\bt_storage.py	5797	2026-01-30 22:52:38
_sources\freqtrade\freqtrade\optimize\optimize_reports\optimize_reports.py	28392	2026-01-30 22:52:38
_sources\freqtrade\freqtrade\optimize\space\__init__.py	410	2026-01-30 22:52:38
_sources\freqtrade\freqtrade\optimize\space\__pycache__\__init__.cpython-311.pyc	565	2026-02-28 10:03:59
_sources\freqtrade\freqtrade\optimize\space\__pycache__\decimalspace.cpython-311.pyc	1827	2026-02-28 10:03:59
_sources\freqtrade\freqtrade\optimize\space\__pycache__\optunaspaces.cpython-311.pyc	3632	2026-02-28 10:03:59
_sources\freqtrade\freqtrade\optimize\space\decimalspace.py	1174	2026-01-30 22:52:38
_sources\freqtrade\freqtrade\optimize\space\optunaspaces.py	1504	2026-01-30 22:52:38
_sources\freqtrade\freqtrade\persistence\__init__.py	470	2026-01-30 22:52:38
_sources\freqtrade\freqtrade\persistence\__pycache__\__init__.cpython-311.pyc	856	2026-02-28 10:03:59
_sources\freqtrade\freqtrade\persistence\__pycache__\base.cpython-311.pyc	553	2026-02-28 10:03:59
_sources\freqtrade\freqtrade\persistence\__pycache__\custom_data.cpython-311.pyc	10487	2026-02-28 10:03:59
_sources\freqtrade\freqtrade\persistence\__pycache__\key_value_store.cpython-311.pyc	10011	2026-02-28 10:03:59
_sources\freqtrade\freqtrade\persistence\__pycache__\migrations.cpython-311.pyc	24699	2026-02-28 10:03:59
_sources\freqtrade\freqtrade\persistence\__pycache__\models.cpython-311.pyc	5419	2026-02-28 10:03:59
_sources\freqtrade\freqtrade\persistence\__pycache__\pairlock.cpython-311.pyc	5359	2026-02-28 10:03:59
_sources\freqtrade\freqtrade\persistence\__pycache__\pairlock_middleware.cpython-311.pyc	9918	2026-02-28 10:03:59
_sources\freqtrade\freqtrade\persistence\__pycache__\trade_model.cpython-311.pyc	114484	2026-02-28 10:03:59
_sources\freqtrade\freqtrade\persistence\__pycache__\usedb_context.cpython-311.pyc	2095	2026-02-28 10:03:59
_sources\freqtrade\freqtrade\persistence\base.py	153	2026-01-30 22:52:38
_sources\freqtrade\freqtrade\persistence\custom_data.py	6625	2026-01-30 22:52:38
_sources\freqtrade\freqtrade\persistence\key_value_store.py	6741	2026-01-30 22:52:38
_sources\freqtrade\freqtrade\persistence\migrations.py	17273	2026-01-30 22:52:38
_sources\freqtrade\freqtrade\persistence\models.py	3710	2026-01-30 22:52:38
_sources\freqtrade\freqtrade\persistence\pairlock.py	3056	2026-01-30 22:52:38
_sources\freqtrade\freqtrade\persistence\pairlock_middleware.py	6460	2026-01-30 22:52:38
_sources\freqtrade\freqtrade\persistence\trade_model.py	84142	2026-01-30 22:52:38
_sources\freqtrade\freqtrade\persistence\usedb_context.py	967	2026-01-30 22:52:38
_sources\freqtrade\freqtrade\plot\__init__.py	0	2026-01-30 22:52:38
_sources\freqtrade\freqtrade\plot\__pycache__\__init__.cpython-311.pyc	156	2026-02-28 10:03:59
_sources\freqtrade\freqtrade\plot\__pycache__\plotting.cpython-311.pyc	32759	2026-02-28 10:03:59
_sources\freqtrade\freqtrade\plot\plotting.py	25613	2026-01-30 22:52:38
_sources\freqtrade\freqtrade\plugins\__init__.py	0	2026-01-30 22:52:38
_sources\freqtrade\freqtrade\plugins\__pycache__\__init__.cpython-311.pyc	159	2026-02-28 10:03:59
_sources\freqtrade\freqtrade\plugins\__pycache__\pairlistmanager.cpython-311.pyc	14251	2026-02-28 10:03:59
_sources\freqtrade\freqtrade\plugins\__pycache__\protectionmanager.cpython-311.pyc	6564	2026-02-28 10:03:59
_sources\freqtrade\freqtrade\plugins\pairlist\__init__.py	0	2026-01-30 22:52:38
_sources\freqtrade\freqtrade\plugins\pairlist\__pycache__\__init__.cpython-311.pyc	168	2026-02-28 10:03:59
_sources\freqtrade\freqtrade\plugins\pairlist\__pycache__\AgeFilter.cpython-311.pyc	8425	2026-02-28 10:03:59
_sources\freqtrade\freqtrade\plugins\pairlist\__pycache__\DelistFilter.cpython-311.pyc	4710	2026-02-28 10:03:59
_sources\freqtrade\freqtrade\plugins\pairlist\__pycache__\FullTradesFilter.cpython-311.pyc	2714	2026-02-28 10:03:59
_sources\freqtrade\freqtrade\plugins\pairlist\__pycache__\IPairList.cpython-311.pyc	13430	2026-02-28 10:03:59
_sources\freqtrade\freqtrade\plugins\pairlist\__pycache__\MarketCapPairList.cpython-311.pyc	11481	2026-02-28 10:03:59
_sources\freqtrade\freqtrade\plugins\pairlist\__pycache__\OffsetFilter.cpython-311.pyc	4334	2026-02-28 10:03:59
_sources\freqtrade\freqtrade\plugins\pairlist\__pycache__\pairlist_helpers.cpython-311.pyc	3736	2026-02-28 10:03:59
_sources\freqtrade\freqtrade\plugins\pairlist\__pycache__\PercentChangePairList.cpython-311.pyc	17291	2026-02-28 10:03:59
_sources\freqtrade\freqtrade\plugins\pairlist\__pycache__\PerformanceFilter.cpython-311.pyc	5497	2026-02-28 10:03:59
_sources\freqtrade\freqtrade\plugins\pairlist\__pycache__\PrecisionFilter.cpython-311.pyc	4420	2026-02-28 10:03:59
_sources\freqtrade\freqtrade\plugins\pairlist\__pycache__\PriceFilter.cpython-311.pyc	7729	2026-02-28 10:03:59
_sources\freqtrade\freqtrade\plugins\pairlist\__pycache__\ProducerPairList.cpython-311.pyc	5964	2026-02-28 10:03:59
_sources\freqtrade\freqtrade\plugins\pairlist\__pycache__\rangestabilityfilter.cpython-311.pyc	9633	2026-02-28 10:03:59
_sources\freqtrade\freqtrade\plugins\pairlist\__pycache__\RemotePairList.cpython-311.pyc	15737	2026-02-28 10:03:59
_sources\freqtrade\freqtrade\plugins\pairlist\__pycache__\ShuffleFilter.cpython-311.pyc	5339	2026-02-28 10:03:59
_sources\freqtrade\freqtrade\plugins\pairlist\__pycache__\SpreadFilter.cpython-311.pyc	4381	2026-02-28 10:03:59
_sources\freqtrade\freqtrade\plugins\pairlist\__pycache__\StaticPairList.cpython-311.pyc	4941	2026-02-28 10:03:59
_sources\freqtrade\freqtrade\plugins\pairlist\__pycache__\VolatilityFilter.cpython-311.pyc	9793	2026-02-28 10:03:59
_sources\freqtrade\freqtrade\plugins\pairlist\__pycache__\VolumePairList.cpython-311.pyc	15904	2026-02-28 10:03:59
_sources\freqtrade\freqtrade\plugins\pairlist\AgeFilter.py	6653	2026-01-30 22:52:38
_sources\freqtrade\freqtrade\plugins\pairlist\DelistFilter.py	3216	2026-01-30 22:52:38
_sources\freqtrade\freqtrade\plugins\pairlist\FullTradesFilter.py	1638	2026-01-30 22:52:38
_sources\freqtrade\freqtrade\plugins\pairlist\IPairList.py	9721	2026-01-30 22:52:38
_sources\freqtrade\freqtrade\plugins\pairlist\MarketCapPairList.py	9355	2026-01-30 22:52:38
_sources\freqtrade\freqtrade\plugins\pairlist\OffsetFilter.py	2732	2026-01-30 22:52:38
_sources\freqtrade\freqtrade\plugins\pairlist\pairlist_helpers.py	2228	2026-01-30 22:52:38
_sources\freqtrade\freqtrade\plugins\pairlist\PercentChangePairList.py	13904	2026-01-30 22:52:38
_sources\freqtrade\freqtrade\plugins\pairlist\PerformanceFilter.py	4044	2026-01-30 22:52:38
_sources\freqtrade\freqtrade\plugins\pairlist\PrecisionFilter.py	2958	2026-01-30 22:52:38
_sources\freqtrade\freqtrade\plugins\pairlist\PriceFilter.py	6600	2026-01-30 22:52:38
_sources\freqtrade\freqtrade\plugins\pairlist\ProducerPairList.py	3917	2026-01-30 22:52:38
_sources\freqtrade\freqtrade\plugins\pairlist\rangestabilityfilter.py	7221	2026-01-30 22:52:38
_sources\freqtrade\freqtrade\plugins\pairlist\RemotePairList.py	12207	2026-01-30 22:52:38
_sources\freqtrade\freqtrade\plugins\pairlist\ShuffleFilter.py	3623	2026-01-30 22:52:38
_sources\freqtrade\freqtrade\plugins\pairlist\SpreadFilter.py	2839	2026-01-30 22:52:38
_sources\freqtrade\freqtrade\plugins\pairlist\StaticPairList.py	3230	2026-01-30 22:52:38
_sources\freqtrade\freqtrade\plugins\pairlist\VolatilityFilter.py	7029	2026-01-30 22:52:38
_sources\freqtrade\freqtrade\plugins\pairlist\VolumePairList.py	13408	2026-01-30 22:52:38
_sources\freqtrade\freqtrade\plugins\pairlistmanager.py	9972	2026-01-30 22:52:38
_sources\freqtrade\freqtrade\plugins\protectionmanager.py	4542	2026-01-30 22:52:38
_sources\freqtrade\freqtrade\plugins\protections\__init__.py	105	2026-01-30 22:52:38
_sources\freqtrade\freqtrade\plugins\protections\__pycache__\__init__.cpython-311.pyc	295	2026-02-28 10:03:59
_sources\freqtrade\freqtrade\plugins\protections\__pycache__\cooldown_period.cpython-311.pyc	3906	2026-02-28 10:03:59
_sources\freqtrade\freqtrade\plugins\protections\__pycache__\iprotection.cpython-311.pyc	7544	2026-02-28 10:03:59
_sources\freqtrade\freqtrade\plugins\protections\__pycache__\low_profit_pairs.cpython-311.pyc	5576	2026-02-28 10:03:59
_sources\freqtrade\freqtrade\plugins\protections\__pycache__\max_drawdown_protection.cpython-311.pyc	5549	2026-02-28 10:03:59
_sources\freqtrade\freqtrade\plugins\protections\__pycache__\stoploss_guard.cpython-311.pyc	6261	2026-02-28 10:03:59
_sources\freqtrade\freqtrade\plugins\protections\cooldown_period.py	2666	2026-01-30 22:52:38
_sources\freqtrade\freqtrade\plugins\protections\iprotection.py	5075	2026-01-30 22:52:38
_sources\freqtrade\freqtrade\plugins\protections\low_profit_pairs.py	3641	2026-01-30 22:52:38
_sources\freqtrade\freqtrade\plugins\protections\max_drawdown_protection.py	3607	2026-01-30 22:52:38
_sources\freqtrade\freqtrade\plugins\protections\stoploss_guard.py	3879	2026-01-30 22:52:38
_sources\freqtrade\freqtrade\resolvers\__init__.py	513	2026-01-30 22:52:38
_sources\freqtrade\freqtrade\resolvers\__pycache__\__init__.cpython-311.pyc	623	2026-02-28 10:03:59
_sources\freqtrade\freqtrade\resolvers\__pycache__\exchange_resolver.cpython-311.pyc	4833	2026-02-28 10:03:59
_sources\freqtrade\freqtrade\resolvers\__pycache__\freqaimodel_resolver.cpython-311.pyc	2503	2026-02-28 10:03:59
_sources\freqtrade\freqtrade\resolvers\__pycache__\hyperopt_resolver.cpython-311.pyc	2575	2026-02-28 10:03:59
_sources\freqtrade\freqtrade\resolvers\__pycache__\iresolver.cpython-311.pyc	15650	2026-02-28 10:03:59
_sources\freqtrade\freqtrade\resolvers\__pycache__\pairlist_resolver.cpython-311.pyc	2313	2026-02-28 10:03:59
_sources\freqtrade\freqtrade\resolvers\__pycache__\protection_resolver.cpython-311.pyc	2043	2026-02-28 10:03:59
_sources\freqtrade\freqtrade\resolvers\__pycache__\strategy_resolver.cpython-311.pyc	16688	2026-02-28 10:03:59
_sources\freqtrade\freqtrade\resolvers\exchange_resolver.py	3850	2026-01-30 22:52:38
_sources\freqtrade\freqtrade\resolvers\freqaimodel_resolver.py	1777	2026-01-30 22:52:38
_sources\freqtrade\freqtrade\resolvers\hyperopt_resolver.py	1653	2026-01-30 22:52:38
_sources\freqtrade\freqtrade\resolvers\iresolver.py	11078	2026-01-30 22:52:38
_sources\freqtrade\freqtrade\resolvers\pairlist_resolver.py	1673	2026-01-30 22:52:38
_sources\freqtrade\freqtrade\resolvers\protection_resolver.py	1235	2026-01-30 22:52:38
_sources\freqtrade\freqtrade\resolvers\strategy_resolver.py	13687	2026-01-30 22:52:38
_sources\freqtrade\freqtrade\rpc\__init__.py	111	2026-01-30 22:52:38
_sources\freqtrade\freqtrade\rpc\__pycache__\__init__.cpython-311.pyc	318	2026-02-28 10:03:59
_sources\freqtrade\freqtrade\rpc\__pycache__\discord.cpython-311.pyc	3428	2026-02-28 10:03:59
_sources\freqtrade\freqtrade\rpc\__pycache__\external_message_consumer.cpython-311.pyc	20245	2026-02-28 10:03:59
_sources\freqtrade\freqtrade\rpc\__pycache__\fiat_convert.cpython-311.pyc	9560	2026-02-28 10:03:59
_sources\freqtrade\freqtrade\rpc\__pycache__\rpc.cpython-311.pyc	86494	2026-02-28 10:03:59
_sources\freqtrade\freqtrade\rpc\__pycache__\rpc_manager.cpython-311.pyc	8547	2026-02-28 10:03:59
_sources\freqtrade\freqtrade\rpc\__pycache__\rpc_types.cpython-311.pyc	6684	2026-02-28 10:03:59
_sources\freqtrade\freqtrade\rpc\__pycache__\telegram.cpython-311.pyc	121296	2026-02-28 10:03:59
_sources\freqtrade\freqtrade\rpc\__pycache__\webhook.cpython-311.pyc	8483	2026-02-28 10:03:59
_sources\freqtrade\freqtrade\rpc\api_server\__init__.py	47	2026-01-30 22:52:38
_sources\freqtrade\freqtrade\rpc\api_server\__pycache__\__init__.cpython-311.pyc	223	2026-02-28 10:03:59
_sources\freqtrade\freqtrade\rpc\api_server\__pycache__\api_auth.cpython-311.pyc	7591	2026-02-28 10:03:59
_sources\freqtrade\freqtrade\rpc\api_server\__pycache__\api_background_tasks.cpython-311.pyc	2388	2026-02-28 10:03:59
_sources\freqtrade\freqtrade\rpc\api_server\__pycache__\api_backtest.cpython-311.pyc	16940	2026-02-28 10:03:59
_sources\freqtrade\freqtrade\rpc\api_server\__pycache__\api_download_data.cpython-311.pyc	4807	2026-02-28 10:03:59
_sources\freqtrade\freqtrade\rpc\api_server\__pycache__\api_pair_history.cpython-311.pyc	3459	2026-02-28 10:03:59
_sources\freqtrade\freqtrade\rpc\api_server\__pycache__\api_pairlists.cpython-311.pyc	7302	2026-02-28 10:03:59
_sources\freqtrade\freqtrade\rpc\api_server\__pycache__\api_schemas.cpython-311.pyc	36259	2026-02-28 10:03:59
_sources\freqtrade\freqtrade\rpc\api_server\__pycache__\api_trading.cpython-311.pyc	20811	2026-02-28 10:03:59
_sources\freqtrade\freqtrade\rpc\api_server\__pycache__\api_v1.cpython-311.pyc	5935	2026-02-28 10:03:59
_sources\freqtrade\freqtrade\rpc\api_server\__pycache__\api_webserver.cpython-311.pyc	8883	2026-02-28 10:03:59
_sources\freqtrade\freqtrade\rpc\api_server\__pycache__\api_ws.cpython-311.pyc	7210	2026-02-28 10:03:59
_sources\freqtrade\freqtrade\rpc\api_server\__pycache__\deps.cpython-311.pyc	4370	2026-02-28 10:03:59
_sources\freqtrade\freqtrade\rpc\api_server\__pycache__\uvicorn_threaded.cpython-311.pyc	3393	2026-02-28 10:03:59
_sources\freqtrade\freqtrade\rpc\api_server\__pycache__\web_ui.cpython-311.pyc	3181	2026-02-28 10:03:59
_sources\freqtrade\freqtrade\rpc\api_server\__pycache__\webserver.cpython-311.pyc	14829	2026-02-28 10:03:59
_sources\freqtrade\freqtrade\rpc\api_server\__pycache__\webserver_bgwork.cpython-311.pyc	2373	2026-02-28 10:03:59
_sources\freqtrade\freqtrade\rpc\api_server\__pycache__\ws_schemas.cpython-311.pyc	4369	2026-02-28 10:03:59
_sources\freqtrade\freqtrade\rpc\api_server\api_auth.py	5523	2026-01-30 22:52:38
_sources\freqtrade\freqtrade\rpc\api_server\api_background_tasks.py	1350	2026-01-30 22:52:38
_sources\freqtrade\freqtrade\rpc\api_server\api_backtest.py	12763	2026-01-30 22:52:38
_sources\freqtrade\freqtrade\rpc\api_server\api_download_data.py	3076	2026-01-30 22:52:38
_sources\freqtrade\freqtrade\rpc\api_server\api_pair_history.py	2515	2026-01-30 22:52:38
_sources\freqtrade\freqtrade\rpc\api_server\api_pairlists.py	4816	2026-01-30 22:52:38
_sources\freqtrade\freqtrade\rpc\api_server\api_schemas.py	15773	2026-01-30 22:52:38
_sources\freqtrade\freqtrade\rpc\api_server\api_trading.py	11960	2026-01-30 22:52:38
_sources\freqtrade\freqtrade\rpc\api_server\api_v1.py	4736	2026-01-30 22:52:38
_sources\freqtrade\freqtrade\rpc\api_server\api_webserver.py	4601	2026-01-30 22:52:38
_sources\freqtrade\freqtrade\rpc\api_server\api_ws.py	4500	2026-01-30 22:52:38
_sources\freqtrade\freqtrade\rpc\api_server\deps.py	2210	2026-01-30 22:52:38
_sources\freqtrade\freqtrade\rpc\api_server\ui\fallback_file.html	753	2026-01-30 22:52:38
_sources\freqtrade\freqtrade\rpc\api_server\ui\favicon.ico	126794	2026-01-30 22:52:38
_sources\freqtrade\freqtrade\rpc\api_server\ui\installed\.gitkeep	0	2026-01-30 22:52:38
_sources\freqtrade\freqtrade\rpc\api_server\uvicorn_threaded.py	2091	2026-01-30 22:52:38
_sources\freqtrade\freqtrade\rpc\api_server\web_ui.py	1874	2026-01-30 22:52:38
_sources\freqtrade\freqtrade\rpc\api_server\webserver.py	11593	2026-01-30 22:52:38
_sources\freqtrade\freqtrade\rpc\api_server\webserver_bgwork.py	1116	2026-01-30 22:52:38
_sources\freqtrade\freqtrade\rpc\api_server\ws\__init__.py	422	2026-01-30 22:52:38
_sources\freqtrade\freqtrade\rpc\api_server\ws\__pycache__\__init__.cpython-311.pyc	641	2026-02-28 10:03:59
_sources\freqtrade\freqtrade\rpc\api_server\ws\__pycache__\channel.cpython-311.pyc	11671	2026-02-28 10:03:59
_sources\freqtrade\freqtrade\rpc\api_server\ws\__pycache__\message_stream.cpython-311.pyc	1852	2026-02-28 10:03:59
_sources\freqtrade\freqtrade\rpc\api_server\ws\__pycache__\proxy.cpython-311.pyc	4311	2026-02-28 10:03:59
_sources\freqtrade\freqtrade\rpc\api_server\ws\__pycache__\serializer.cpython-311.pyc	3911	2026-02-28 10:03:59
_sources\freqtrade\freqtrade\rpc\api_server\ws\__pycache__\ws_types.cpython-311.pyc	521	2026-02-28 10:03:59
_sources\freqtrade\freqtrade\rpc\api_server\ws\channel.py	7463	2026-01-30 22:52:38
_sources\freqtrade\freqtrade\rpc\api_server\ws\message_stream.py	899	2026-01-30 22:52:38
_sources\freqtrade\freqtrade\rpc\api_server\ws\proxy.py	2276	2026-01-30 22:52:38
_sources\freqtrade\freqtrade\rpc\api_server\ws\serializer.py	1625	2026-01-30 22:52:38
_sources\freqtrade\freqtrade\rpc\api_server\ws\ws_types.py	252	2026-01-30 22:52:38
_sources\freqtrade\freqtrade\rpc\api_server\ws_schemas.py	1855	2026-01-30 22:52:38
_sources\freqtrade\freqtrade\rpc\discord.py	2067	2026-01-30 22:52:38
_sources\freqtrade\freqtrade\rpc\external_message_consumer.py	14078	2026-01-30 22:52:38
_sources\freqtrade\freqtrade\rpc\fiat_convert.py	6981	2026-01-30 22:52:38
_sources\freqtrade\freqtrade\rpc\rpc.py	72733	2026-01-30 22:52:38
_sources\freqtrade\freqtrade\rpc\rpc_manager.py	5384	2026-01-30 22:52:38
_sources\freqtrade\freqtrade\rpc\rpc_types.py	3181	2026-01-30 22:52:38
_sources\freqtrade\freqtrade\rpc\telegram.py	92954	2026-01-30 22:52:38
_sources\freqtrade\freqtrade\rpc\webhook.py	5388	2026-01-30 22:52:38
_sources\freqtrade\freqtrade\strategy\__init__.py	1233	2026-01-30 22:52:38
_sources\freqtrade\freqtrade\strategy\__pycache__\__init__.cpython-311.pyc	1328	2026-02-28 10:03:59
_sources\freqtrade\freqtrade\strategy\__pycache__\hyper.cpython-311.pyc	10466	2026-02-28 10:03:59
_sources\freqtrade\freqtrade\strategy\__pycache__\informative_decorator.cpython-311.pyc	7669	2026-02-28 10:03:59
_sources\freqtrade\freqtrade\strategy\__pycache__\interface.cpython-311.pyc	87912	2026-02-28 10:03:59
_sources\freqtrade\freqtrade\strategy\__pycache__\parameters.cpython-311.pyc	18992	2026-02-28 10:03:59
_sources\freqtrade\freqtrade\strategy\__pycache__\strategy_helper.cpython-311.pyc	7895	2026-02-28 10:03:59
_sources\freqtrade\freqtrade\strategy\__pycache__\strategy_validation.cpython-311.pyc	2752	2026-02-28 10:03:59
_sources\freqtrade\freqtrade\strategy\__pycache__\strategy_wrapper.cpython-311.pyc	3641	2026-02-28 10:03:59
_sources\freqtrade\freqtrade\strategy\__pycache__\strategyupdater.cpython-311.pyc	13891	2026-02-28 10:03:59
_sources\freqtrade\freqtrade\strategy\hyper.py	7358	2026-01-30 22:52:38
_sources\freqtrade\freqtrade\strategy\informative_decorator.py	6288	2026-01-30 22:52:38
_sources\freqtrade\freqtrade\strategy\interface.py	80065	2026-01-30 22:52:38
_sources\freqtrade\freqtrade\strategy\parameters.py	13640	2026-01-30 22:52:38
_sources\freqtrade\freqtrade\strategy\strategy_helper.py	8120	2026-01-30 22:52:38
_sources\freqtrade\freqtrade\strategy\strategy_validation.py	1721	2026-01-30 22:52:38
_sources\freqtrade\freqtrade\strategy\strategy_wrapper.py	2345	2026-01-30 22:52:38
_sources\freqtrade\freqtrade\strategy\strategyupdater.py	10804	2026-01-30 22:52:38
_sources\freqtrade\freqtrade\system\__init__.py	384	2026-01-30 22:52:38
_sources\freqtrade\freqtrade\system\__pycache__\__init__.cpython-311.pyc	617	2026-02-28 10:03:59
_sources\freqtrade\freqtrade\system\__pycache__\asyncio_config.cpython-311.pyc	617	2026-02-28 10:03:59
_sources\freqtrade\freqtrade\system\__pycache__\gc_setup.cpython-311.pyc	919	2026-02-28 10:03:59
_sources\freqtrade\freqtrade\system\__pycache__\set_mp_start_method.cpython-311.pyc	878	2026-02-28 10:03:59
_sources\freqtrade\freqtrade\system\__pycache__\version_info.cpython-311.pyc	1059	2026-02-28 10:03:59
_sources\freqtrade\freqtrade\system\asyncio_config.py	236	2026-01-30 22:52:38
_sources\freqtrade\freqtrade\system\gc_setup.py	458	2026-01-30 22:52:38
_sources\freqtrade\freqtrade\system\set_mp_start_method.py	454	2026-01-30 22:52:38
_sources\freqtrade\freqtrade\system\version_info.py	434	2026-01-30 22:52:38
_sources\freqtrade\freqtrade\templates\__init__.py	0	2026-01-30 22:52:38
_sources\freqtrade\freqtrade\templates\__pycache__\__init__.cpython-311.pyc	161	2026-02-28 10:03:59
_sources\freqtrade\freqtrade\templates\__pycache__\FreqaiExampleHybridStrategy.cpython-311.pyc	13927	2026-02-28 10:03:59
_sources\freqtrade\freqtrade\templates\__pycache__\FreqaiExampleStrategy.cpython-311.pyc	12742	2026-02-28 10:03:59
_sources\freqtrade\freqtrade\templates\__pycache__\sample_hyperopt_loss.cpython-311.pyc	2311	2026-02-28 10:03:59
_sources\freqtrade\freqtrade\templates\__pycache__\sample_strategy.cpython-311.pyc	9143	2026-02-28 10:03:59
_sources\freqtrade\freqtrade\templates\base_config.json.j2	2208	2026-01-30 22:52:38
_sources\freqtrade\freqtrade\templates\base_strategy.py.j2	6250	2026-01-30 22:52:38
_sources\freqtrade\freqtrade\templates\FreqaiExampleHybridStrategy.py	12807	2026-01-30 22:52:38
_sources\freqtrade\freqtrade\templates\FreqaiExampleStrategy.py	11534	2026-01-30 22:52:38
_sources\freqtrade\freqtrade\templates\sample_hyperopt_loss.py	1871	2026-01-30 22:52:38
_sources\freqtrade\freqtrade\templates\sample_strategy.py	17167	2026-01-30 22:52:38
_sources\freqtrade\freqtrade\templates\strategy_analysis_example.ipynb	14363	2026-01-30 22:52:38
_sources\freqtrade\freqtrade\templates\strategy_subtemplates\buy_trend_full.j2	261	2026-01-30 22:52:39
_sources\freqtrade\freqtrade\templates\strategy_subtemplates\buy_trend_minimal.j2	101	2026-01-30 22:52:39
_sources\freqtrade\freqtrade\templates\strategy_subtemplates\indicators_full.j2	7747	2026-01-30 22:52:39
_sources\freqtrade\freqtrade\templates\strategy_subtemplates\indicators_minimal.j2	464	2026-01-30 22:52:39
_sources\freqtrade\freqtrade\templates\strategy_subtemplates\plot_config_full.j2	506	2026-01-30 22:52:39
_sources\freqtrade\freqtrade\templates\strategy_subtemplates\plot_config_minimal.j2	0	2026-01-30 22:52:39
_sources\freqtrade\freqtrade\templates\strategy_subtemplates\sell_trend_full.j2	262	2026-01-30 22:52:39
_sources\freqtrade\freqtrade\templates\strategy_subtemplates\sell_trend_minimal.j2	103	2026-01-30 22:52:39
_sources\freqtrade\freqtrade\templates\strategy_subtemplates\strategy_attributes_full.j2	249	2026-01-30 22:52:39
_sources\freqtrade\freqtrade\templates\strategy_subtemplates\strategy_attributes_minimal.j2	0	2026-01-30 22:52:39
_sources\freqtrade\freqtrade\templates\strategy_subtemplates\strategy_methods_advanced.j2	18155	2026-01-30 22:52:39
_sources\freqtrade\freqtrade\templates\strategy_subtemplates\strategy_methods_empty.j2	0	2026-01-30 22:52:39
_sources\freqtrade\freqtrade\templates\subtemplates\exchange_binance.j2	261	2026-01-30 22:52:39
_sources\freqtrade\freqtrade\templates\subtemplates\exchange_bittrex.j2	397	2026-01-30 22:52:39
_sources\freqtrade\freqtrade\templates\subtemplates\exchange_gateio.j2	271	2026-01-30 22:52:39
_sources\freqtrade\freqtrade\templates\subtemplates\exchange_generic.j2	244	2026-01-30 22:52:39
_sources\freqtrade\freqtrade\templates\subtemplates\exchange_huobi.j2	260	2026-01-30 22:52:39
_sources\freqtrade\freqtrade\templates\subtemplates\exchange_kraken.j2	249	2026-01-30 22:52:39
_sources\freqtrade\freqtrade\templates\subtemplates\exchange_kucoin.j2	291	2026-01-30 22:52:39
_sources\freqtrade\freqtrade\templates\subtemplates\exchange_okex.j2	291	2026-01-30 22:52:39
_sources\freqtrade\freqtrade\util\__init__.py	1550	2026-01-30 22:52:39
_sources\freqtrade\freqtrade\util\__pycache__\__init__.cpython-311.pyc	1910	2026-02-28 10:03:59
_sources\freqtrade\freqtrade\util\__pycache__\coin_gecko.cpython-311.pyc	1152	2026-02-28 10:03:59
_sources\freqtrade\freqtrade\util\__pycache__\datetime_helpers.cpython-311.pyc	5210	2026-02-28 10:03:59
_sources\freqtrade\freqtrade\util\__pycache__\dry_run_wallet.cpython-311.pyc	840	2026-02-28 10:03:59
_sources\freqtrade\freqtrade\util\__pycache__\formatters.cpython-311.pyc	4403	2026-02-28 10:03:59
_sources\freqtrade\freqtrade\util\__pycache__\ft_precise.cpython-311.pyc	1038	2026-02-28 10:03:59
_sources\freqtrade\freqtrade\util\__pycache__\ft_ttlcache.cpython-311.pyc	1020	2026-02-28 10:03:59
_sources\freqtrade\freqtrade\util\__pycache__\measure_time.cpython-311.pyc	2414	2026-02-28 10:03:59
_sources\freqtrade\freqtrade\util\__pycache__\periodic_cache.cpython-311.pyc	1469	2026-02-28 10:03:59
_sources\freqtrade\freqtrade\util\__pycache__\progress_tracker.cpython-311.pyc	1455	2026-02-28 10:03:59
_sources\freqtrade\freqtrade\util\__pycache__\rich_progress.cpython-311.pyc	3130	2026-02-28 10:03:59
_sources\freqtrade\freqtrade\util\__pycache__\rich_tables.cpython-311.pyc	4267	2026-02-28 10:03:59
_sources\freqtrade\freqtrade\util\__pycache__\singleton.cpython-311.pyc	1129	2026-02-28 10:03:59
_sources\freqtrade\freqtrade\util\__pycache__\template_renderer.cpython-311.pyc	1576	2026-02-28 10:03:59
_sources\freqtrade\freqtrade\util\coin_gecko.py	410	2026-01-30 22:52:39
_sources\freqtrade\freqtrade\util\datetime_helpers.py	3026	2026-01-30 22:52:39
_sources\freqtrade\freqtrade\util\dry_run_wallet.py	418	2026-01-30 22:52:39
_sources\freqtrade\freqtrade\util\formatters.py	3132	2026-01-30 22:52:39
_sources\freqtrade\freqtrade\util\ft_precise.py	338	2026-01-30 22:52:39
_sources\freqtrade\freqtrade\util\ft_ttlcache.py	332	2026-01-30 22:52:39
_sources\freqtrade\freqtrade\util\measure_time.py	1333	2026-01-30 22:52:39
_sources\freqtrade\freqtrade\util\migrations\__init__.py	540	2026-01-30 22:52:39
_sources\freqtrade\freqtrade\util\migrations\__pycache__\__init__.cpython-311.pyc	940	2026-02-28 10:03:59
_sources\freqtrade\freqtrade\util\migrations\__pycache__\funding_rate_mig.cpython-311.pyc	1449	2026-02-28 10:03:59
_sources\freqtrade\freqtrade\util\migrations\funding_rate_mig.py	772	2026-01-30 22:52:39
_sources\freqtrade\freqtrade\util\periodic_cache.py	564	2026-01-30 22:52:39
_sources\freqtrade\freqtrade\util\progress_tracker.py	878	2026-01-30 22:52:39
_sources\freqtrade\freqtrade\util\rich_progress.py	1727	2026-01-30 22:52:39
_sources\freqtrade\freqtrade\util\rich_tables.py	2035	2026-01-30 22:52:39
_sources\freqtrade\freqtrade\util\singleton.py	423	2026-01-30 22:52:39
_sources\freqtrade\freqtrade\util\template_renderer.py	924	2026-01-30 22:52:39
_sources\freqtrade\freqtrade\vendor\__init__.py	0	2026-01-30 22:52:39
_sources\freqtrade\freqtrade\vendor\__pycache__\__init__.cpython-311.pyc	158	2026-02-28 10:03:59
_sources\freqtrade\freqtrade\vendor\qtpylib\__init__.py	0	2026-01-30 22:52:39
_sources\freqtrade\freqtrade\vendor\qtpylib\__pycache__\__init__.cpython-311.pyc	166	2026-02-28 10:03:59
_sources\freqtrade\freqtrade\vendor\qtpylib\__pycache__\indicators.cpython-311.pyc	28067	2026-02-28 10:03:59
_sources\freqtrade\freqtrade\vendor\qtpylib\indicators.py	19688	2026-01-30 22:52:39
_sources\freqtrade\freqtrade\wallets.py	17442	2026-01-30 22:52:37
_sources\freqtrade\freqtrade\worker.py	8752	2026-01-30 22:52:37
_sources\freqtrade\ft_client\freqtrade_client\__init__.py	1042	2026-01-30 22:52:39
_sources\freqtrade\ft_client\freqtrade_client\__pycache__\__init__.cpython-311.pyc	1358	2026-02-28 10:03:59
_sources\freqtrade\ft_client\freqtrade_client\__pycache__\ft_client.cpython-311.pyc	7401	2026-02-28 10:03:59
_sources\freqtrade\ft_client\freqtrade_client\__pycache__\ft_rest_client.cpython-311.pyc	21610	2026-02-28 10:03:59
_sources\freqtrade\ft_client\freqtrade_client\ft_client.py	3630	2026-01-30 22:52:39
_sources\freqtrade\ft_client\freqtrade_client\ft_rest_client.py	15613	2026-01-30 22:52:39
_sources\freqtrade\ft_client\LICENSE	10	2026-01-30 22:52:39
_sources\freqtrade\ft_client\MANIFEST.in	47	2026-01-30 22:52:39
_sources\freqtrade\ft_client\pyproject.toml	1357	2026-01-30 22:52:39
_sources\freqtrade\ft_client\README.md	304	2026-01-30 22:52:39
_sources\freqtrade\ft_client\requirements.txt	84	2026-01-30 22:52:39
_sources\freqtrade\ft_client\test_client\__init__.py	0	2026-01-30 22:52:39
_sources\freqtrade\ft_client\test_client\__pycache__\__init__.cpython-311.pyc	163	2026-02-28 10:03:59
_sources\freqtrade\ft_client\test_client\__pycache__\test_rest_client.cpython-311.pyc	11139	2026-02-28 10:03:59
_sources\freqtrade\ft_client\test_client\test_rest_client.py	7363	2026-01-30 22:52:39
_sources\freqtrade\LICENSE	35141	2026-01-30 22:52:40
_sources\freqtrade\MANIFEST.in	290	2026-01-30 22:52:40
_sources\freqtrade\mkdocs.yml	4177	2026-01-30 22:52:40
_sources\freqtrade\pyproject.toml	8242	2026-01-30 22:52:40
_sources\freqtrade\README.md	12506	2026-01-30 22:52:40
_sources\freqtrade\requirements.txt	1044	2026-01-30 22:52:40
_sources\freqtrade\requirements-dev.txt	788	2026-01-30 22:52:40
_sources\freqtrade\requirements-freqai.txt	213	2026-01-30 22:52:40
_sources\freqtrade\requirements-freqai-rl.txt	492	2026-01-30 22:52:40
_sources\freqtrade\requirements-hyperopt.txt	167	2026-01-30 22:52:40
_sources\freqtrade\requirements-plot.txt	78	2026-01-30 22:52:40
_sources\freqtrade\scripts\__pycache__\rest_client.cpython-311.pyc	506	2026-02-28 10:03:59
_sources\freqtrade\scripts\__pycache__\ws_client.cpython-311.pyc	15604	2026-02-28 10:03:59
_sources\freqtrade\scripts\rest_client.py	287	2026-01-30 22:52:39
_sources\freqtrade\scripts\ws_client.py	9540	2026-01-30 22:52:39
_sources\freqtrade\setup.ps1	9053	2026-01-30 22:52:40
_sources\freqtrade\setup.sh	8914	2026-01-30 22:52:40
_sources\freqtrade\tests\__init__.py	0	2026-01-30 22:52:39
_sources\freqtrade\tests\__pycache__\__init__.cpython-311.pyc	147	2026-02-28 10:03:59
_sources\freqtrade\tests\__pycache__\conftest.cpython-311.pyc	85192	2026-02-28 10:03:59
_sources\freqtrade\tests\__pycache__\conftest_hyperopt.cpython-311.pyc	13949	2026-02-28 10:03:59
_sources\freqtrade\tests\__pycache__\conftest_trades.cpython-311.pyc	16821	2026-02-28 10:03:59
_sources\freqtrade\tests\__pycache__\conftest_trades_usdt.cpython-311.pyc	13370	2026-02-28 10:03:59
_sources\freqtrade\tests\__pycache__\test_arguments.cpython-311.pyc	19872	2026-02-28 10:04:00
_sources\freqtrade\tests\__pycache__\test_configuration.cpython-311.pyc	72324	2026-02-28 10:04:00
_sources\freqtrade\tests\__pycache__\test_directory_operations.cpython-311.pyc	8599	2026-02-28 10:04:00
_sources\freqtrade\tests\__pycache__\test_indicators.cpython-311.pyc	1730	2026-02-28 10:04:00
_sources\freqtrade\tests\__pycache__\test_log_setup.cpython-311.pyc	13819	2026-02-28 10:04:00
_sources\freqtrade\tests\__pycache__\test_main.cpython-311.pyc	14702	2026-02-28 10:04:00
_sources\freqtrade\tests\__pycache__\test_misc.cpython-311.pyc	10894	2026-02-28 10:04:00
_sources\freqtrade\tests\__pycache__\test_pip_audit.cpython-311.pyc	4259	2026-02-28 10:04:00
_sources\freqtrade\tests\__pycache__\test_plotting.cpython-311.pyc	26633	2026-02-28 10:04:00
_sources\freqtrade\tests\__pycache__\test_strategy_updater.cpython-311.pyc	8146	2026-02-28 10:04:00
_sources\freqtrade\tests\__pycache__\test_talib.cpython-311.pyc	859	2026-02-28 10:04:00
_sources\freqtrade\tests\__pycache__\test_timerange.cpython-311.pyc	5186	2026-02-28 10:04:00
_sources\freqtrade\tests\__pycache__\test_wallets.cpython-311.pyc	25159	2026-02-28 10:04:00
_sources\freqtrade\tests\commands\__init__.py	0	2026-01-30 22:52:39
_sources\freqtrade\tests\commands\__pycache__\__init__.cpython-311.pyc	156	2026-02-28 10:03:59
_sources\freqtrade\tests\commands\__pycache__\test_build_config.cpython-311.pyc	6935	2026-02-28 10:03:59
_sources\freqtrade\tests\commands\__pycache__\test_commands.cpython-311.pyc	79442	2026-02-28 10:03:59
_sources\freqtrade\tests\commands\__pycache__\test_startup_time.cpython-311.pyc	1022	2026-02-28 10:03:59
_sources\freqtrade\tests\commands\test_build_config.py	4230	2026-01-30 22:52:39
_sources\freqtrade\tests\commands\test_commands.py	61217	2026-01-30 22:52:39
_sources\freqtrade\tests\commands\test_startup_time.py	539	2026-01-30 22:52:39
_sources\freqtrade\tests\config_test_comments.json	3482	2026-01-30 22:52:39
_sources\freqtrade\tests\conftest.py	106112	2026-01-30 22:52:39
_sources\freqtrade\tests\conftest_hyperopt.py	38740	2026-01-30 22:52:39
_sources\freqtrade\tests\conftest_trades.py	13910	2026-01-30 22:52:39
_sources\freqtrade\tests\conftest_trades_usdt.py	10155	2026-01-30 22:52:39
_sources\freqtrade\tests\data\__init__.py	0	2026-02-26 22:54:59
_sources\freqtrade\tests\data\__pycache__\__init__.cpython-311.pyc	152	2026-02-28 10:03:59
_sources\freqtrade\tests\data\__pycache__\test_btanalysis.cpython-311.pyc	37161	2026-02-28 10:03:59
_sources\freqtrade\tests\data\__pycache__\test_converter.cpython-311.pyc	34458	2026-02-28 10:03:59
_sources\freqtrade\tests\data\__pycache__\test_converter_orderflow.cpython-311.pyc	23496	2026-02-28 10:03:59
_sources\freqtrade\tests\data\__pycache__\test_datahandler.cpython-311.pyc	33419	2026-02-28 10:03:59
_sources\freqtrade\tests\data\__pycache__\test_dataprovider.cpython-311.pyc	36582	2026-02-28 10:03:59
_sources\freqtrade\tests\data\__pycache__\test_download_data.cpython-311.pyc	7086	2026-02-28 10:03:59
_sources\freqtrade\tests\data\__pycache__\test_entryexitanalysis.cpython-311.pyc	16503	2026-02-28 10:03:59
_sources\freqtrade\tests\data\__pycache__\test_historic_precision.cpython-311.pyc	6082	2026-02-28 10:03:59
_sources\freqtrade\tests\data\__pycache__\test_history.cpython-311.pyc	42687	2026-02-28 10:03:59
_sources\freqtrade\tests\data\__pycache__\test_trade_converter_kraken.cpython-311.pyc	3740	2026-02-28 10:03:59
_sources\freqtrade\tests\data\test_btanalysis.py	23468	2026-02-26 22:54:59
_sources\freqtrade\tests\data\test_converter.py	24737	2026-02-26 22:54:59
_sources\freqtrade\tests\data\test_converter_orderflow.py	20753	2026-02-26 22:54:59
_sources\freqtrade\tests\data\test_datahandler.py	23266	2026-02-26 22:54:59
_sources\freqtrade\tests\data\test_dataprovider.py	25339	2026-02-26 22:54:59
_sources\freqtrade\tests\data\test_download_data.py	4438	2026-02-26 22:54:59
_sources\freqtrade\tests\data\test_entryexitanalysis.py	17905	2026-02-26 22:54:59
_sources\freqtrade\tests\data\test_historic_precision.py	6076	2026-02-26 22:54:59
_sources\freqtrade\tests\data\test_history.py	35493	2026-02-26 22:54:59
_sources\freqtrade\tests\data\test_trade_converter_kraken.py	2431	2026-02-26 22:54:59
_sources\freqtrade\tests\exchange\__init__.py	0	2026-01-30 22:52:39
_sources\freqtrade\tests\exchange\__pycache__\__init__.cpython-311.pyc	156	2026-02-28 10:03:59
_sources\freqtrade\tests\exchange\__pycache__\test_binance.cpython-311.pyc	37341	2026-02-28 10:03:59
_sources\freqtrade\tests\exchange\__pycache__\test_binance_public_data.cpython-311.pyc	22264	2026-02-28 10:03:59
_sources\freqtrade\tests\exchange\__pycache__\test_bitget.cpython-311.pyc	12833	2026-02-28 10:03:59
_sources\freqtrade\tests\exchange\__pycache__\test_bitpanda.cpython-311.pyc	2303	2026-02-28 10:03:59
_sources\freqtrade\tests\exchange\__pycache__\test_bybit.cpython-311.pyc	11450	2026-02-28 10:03:59
_sources\freqtrade\tests\exchange\__pycache__\test_exchange.cpython-311.pyc	290471	2026-02-28 10:03:59
_sources\freqtrade\tests\exchange\__pycache__\test_exchange_utils.cpython-311.pyc	18482	2026-02-28 10:03:59
_sources\freqtrade\tests\exchange\__pycache__\test_exchange_ws.cpython-311.pyc	11340	2026-02-28 10:03:59
_sources\freqtrade\tests\exchange\__pycache__\test_gate.cpython-311.pyc	5530	2026-02-28 10:03:59
_sources\freqtrade\tests\exchange\__pycache__\test_htx.cpython-311.pyc	7169	2026-02-28 10:03:59
_sources\freqtrade\tests\exchange\__pycache__\test_hyperliquid.cpython-311.pyc	26826	2026-02-28 10:03:59
_sources\freqtrade\tests\exchange\__pycache__\test_kraken.cpython-311.pyc	13078	2026-02-28 10:03:59
_sources\freqtrade\tests\exchange\__pycache__\test_kucoin.cpython-311.pyc	9372	2026-02-28 10:03:59
_sources\freqtrade\tests\exchange\__pycache__\test_okx.cpython-311.pyc	24907	2026-02-28 10:03:59
_sources\freqtrade\tests\exchange\test_binance.py	40305	2026-01-30 22:52:39
_sources\freqtrade\tests\exchange\test_binance_public_data.py	16211	2026-01-30 22:52:39
_sources\freqtrade\tests\exchange\test_bitget.py	9529	2026-01-30 22:52:39
_sources\freqtrade\tests\exchange\test_bitpanda.py	2012	2026-01-30 22:52:39
_sources\freqtrade\tests\exchange\test_bybit.py	9547	2026-01-30 22:52:39
_sources\freqtrade\tests\exchange\test_exchange.py	248286	2026-01-30 22:52:39
_sources\freqtrade\tests\exchange\test_exchange_utils.py	16111	2026-01-30 22:52:39
_sources\freqtrade\tests\exchange\test_exchange_ws.py	7817	2026-01-30 22:52:39
_sources\freqtrade\tests\exchange\test_gate.py	4083	2026-01-30 22:52:39
_sources\freqtrade\tests\exchange\test_htx.py	4823	2026-01-30 22:52:39
_sources\freqtrade\tests\exchange\test_hyperliquid.py	32351	2026-01-30 22:52:39
_sources\freqtrade\tests\exchange\test_kraken.py	9700	2026-01-30 22:52:39
_sources\freqtrade\tests\exchange\test_kucoin.py	6357	2026-01-30 22:52:39
_sources\freqtrade\tests\exchange\test_okx.py	28620	2026-01-30 22:52:39
_sources\freqtrade\tests\exchange_online\__init__.py	0	2026-01-30 22:52:39
_sources\freqtrade\tests\exchange_online\__pycache__\__init__.cpython-311.pyc	163	2026-02-28 10:03:59
_sources\freqtrade\tests\exchange_online\__pycache__\conftest.cpython-311.pyc	14112	2026-02-28 10:03:59
_sources\freqtrade\tests\exchange_online\__pycache__\test_ccxt_compat.cpython-311.pyc	39713	2026-02-28 10:03:59
_sources\freqtrade\tests\exchange_online\__pycache__\test_ccxt_ws_compat.cpython-311.pyc	3746	2026-02-28 10:03:59
_sources\freqtrade\tests\exchange_online\conftest.py	22900	2026-01-30 22:52:39
_sources\freqtrade\tests\exchange_online\test_ccxt_compat.py	28504	2026-01-30 22:52:39
_sources\freqtrade\tests\exchange_online\test_ccxt_ws_compat.py	2486	2026-01-30 22:52:39
_sources\freqtrade\tests\freqai\__pycache__\conftest.cpython-311.pyc	11551	2026-02-28 10:03:59
_sources\freqtrade\tests\freqai\__pycache__\test_freqai_backtesting.cpython-311.pyc	8688	2026-02-28 10:03:59
_sources\freqtrade\tests\freqai\__pycache__\test_freqai_datadrawer.cpython-311.pyc	14479	2026-02-28 10:03:59
_sources\freqtrade\tests\freqai\__pycache__\test_freqai_datakitchen.cpython-311.pyc	13061	2026-02-28 10:03:59
_sources\freqtrade\tests\freqai\__pycache__\test_freqai_interface.cpython-311.pyc	33429	2026-02-28 10:03:59
_sources\freqtrade\tests\freqai\conftest.py	9045	2026-01-30 22:52:39
_sources\freqtrade\tests\freqai\test_freqai_backtesting.py	5723	2026-01-30 22:52:39
_sources\freqtrade\tests\freqai\test_freqai_datadrawer.py	9283	2026-01-30 22:52:39
_sources\freqtrade\tests\freqai\test_freqai_datakitchen.py	7940	2026-01-30 22:52:39
_sources\freqtrade\tests\freqai\test_freqai_interface.py	23170	2026-01-30 22:52:39
_sources\freqtrade\tests\freqai\test_models\__pycache__\ReinforcementLearner_test_3ac.cpython-311.pyc	3813	2026-02-28 10:03:59
_sources\freqtrade\tests\freqai\test_models\__pycache__\ReinforcementLearner_test_4ac.cpython-311.pyc	3829	2026-02-28 10:03:59
_sources\freqtrade\tests\freqai\test_models\ReinforcementLearner_test_3ac.py	2771	2026-01-30 22:52:39
_sources\freqtrade\tests\freqai\test_models\ReinforcementLearner_test_4ac.py	2825	2026-01-30 22:52:39
_sources\freqtrade\tests\freqtradebot\__init__.py	0	2026-01-30 22:52:39
_sources\freqtrade\tests\freqtradebot\__pycache__\__init__.cpython-311.pyc	160	2026-02-28 10:03:59
_sources\freqtrade\tests\freqtradebot\__pycache__\test_freqtradebot.cpython-311.pyc	259202	2026-02-28 10:03:59
_sources\freqtrade\tests\freqtradebot\__pycache__\test_integration.cpython-311.pyc	49216	2026-02-28 10:03:59
_sources\freqtrade\tests\freqtradebot\__pycache__\test_stoploss_on_exchange.cpython-311.pyc	53408	2026-02-28 10:03:59
_sources\freqtrade\tests\freqtradebot\__pycache__\test_worker.cpython-311.pyc	13350	2026-02-28 10:03:59
_sources\freqtrade\tests\freqtradebot\test_freqtradebot.py	206668	2026-01-30 22:52:39
_sources\freqtrade\tests\freqtradebot\test_integration.py	32798	2026-01-30 22:52:39
_sources\freqtrade\tests\freqtradebot\test_stoploss_on_exchange.py	42953	2026-01-30 22:52:39
_sources\freqtrade\tests\freqtradebot\test_worker.py	9275	2026-01-30 22:52:39
_sources\freqtrade\tests\leverage\__pycache__\test_candletype.cpython-311.pyc	1458	2026-02-28 10:03:59
_sources\freqtrade\tests\leverage\__pycache__\test_interest.cpython-311.pyc	2176	2026-02-28 10:03:59
_sources\freqtrade\tests\leverage\__pycache__\test_update_liquidation_price.cpython-311.pyc	2159	2026-02-28 10:03:59
_sources\freqtrade\tests\leverage\test_candletype.py	916	2026-01-30 22:52:39
_sources\freqtrade\tests\leverage\test_interest.py	1413	2026-01-30 22:52:39
_sources\freqtrade\tests\leverage\test_update_liquidation_price.py	1800	2026-01-30 22:52:39
_sources\freqtrade\tests\optimize\__init__.py	2406	2026-01-30 22:52:39
_sources\freqtrade\tests\optimize\__pycache__\__init__.cpython-311.pyc	4438	2026-02-28 10:03:59
_sources\freqtrade\tests\optimize\__pycache__\conftest.cpython-311.pyc	3410	2026-02-28 10:03:59
_sources\freqtrade\tests\optimize\__pycache__\test_backtest_detail.cpython-311.pyc	28681	2026-02-28 10:03:59
_sources\freqtrade\tests\optimize\__pycache__\test_backtesting.cpython-311.pyc	118131	2026-02-28 10:03:59
_sources\freqtrade\tests\optimize\__pycache__\test_backtesting_adjust_position.cpython-311.pyc	12630	2026-02-28 10:03:59
_sources\freqtrade\tests\optimize\__pycache__\test_hyperopt.cpython-311.pyc	59036	2026-02-28 10:03:59
_sources\freqtrade\tests\optimize\__pycache__\test_hyperopt_tools.cpython-311.pyc	15524	2026-02-28 10:04:00
_sources\freqtrade\tests\optimize\__pycache__\test_hyperoptloss.cpython-311.pyc	9957	2026-02-28 10:04:00
_sources\freqtrade\tests\optimize\__pycache__\test_lookahead_analysis.cpython-311.pyc	20167	2026-02-28 10:04:00
_sources\freqtrade\tests\optimize\__pycache__\test_optimize_reports.cpython-311.pyc	33497	2026-02-28 10:04:00
_sources\freqtrade\tests\optimize\__pycache__\test_recursive_analysis.cpython-311.pyc	8854	2026-02-28 10:04:00
_sources\freqtrade\tests\optimize\conftest.py	2098	2026-01-30 22:52:39
_sources\freqtrade\tests\optimize\test_backtest_detail.py	51503	2026-01-30 22:52:39
_sources\freqtrade\tests\optimize\test_backtesting.py	103363	2026-01-30 22:52:39
_sources\freqtrade\tests\optimize\test_backtesting_adjust_position.py	9309	2026-01-30 22:52:39
_sources\freqtrade\tests\optimize\test_hyperopt.py	48518	2026-01-30 22:52:39
_sources\freqtrade\tests\optimize\test_hyperopt_tools.py	15044	2026-01-30 22:52:39
_sources\freqtrade\tests\optimize\test_hyperoptloss.py	8610	2026-01-30 22:52:39
_sources\freqtrade\tests\optimize\test_lookahead_analysis.py	17962	2026-01-30 22:52:39
_sources\freqtrade\tests\optimize\test_optimize_reports.py	25504	2026-01-30 22:52:39
_sources\freqtrade\tests\optimize\test_recursive_analysis.py	6782	2026-01-30 22:52:39
_sources\freqtrade\tests\persistence\__init__.py	0	2026-01-30 22:52:39
_sources\freqtrade\tests\persistence\__pycache__\__init__.cpython-311.pyc	159	2026-02-28 10:04:00
_sources\freqtrade\tests\persistence\__pycache__\test_db_context.cpython-311.pyc	1563	2026-02-28 10:04:00
_sources\freqtrade\tests\persistence\__pycache__\test_key_value_store.cpython-311.pyc	4997	2026-02-28 10:04:00
_sources\freqtrade\tests\persistence\__pycache__\test_migrations.cpython-311.pyc	24712	2026-02-28 10:04:00
_sources\freqtrade\tests\persistence\__pycache__\test_persistence.cpython-311.pyc	120359	2026-02-28 10:04:00
_sources\freqtrade\tests\persistence\__pycache__\test_trade_custom_data.cpython-311.pyc	9766	2026-02-28 10:04:00
_sources\freqtrade\tests\persistence\__pycache__\test_trade_fromjson.cpython-311.pyc	14331	2026-02-28 10:04:00
_sources\freqtrade\tests\persistence\test_db_context.py	633	2026-01-30 22:52:39
_sources\freqtrade\tests\persistence\test_key_value_store.py	2865	2026-01-30 22:52:39
_sources\freqtrade\tests\persistence\test_migrations.py	16684	2026-01-30 22:52:39
_sources\freqtrade\tests\persistence\test_persistence.py	105988	2026-01-30 22:52:39
_sources\freqtrade\tests\persistence\test_trade_custom_data.py	6030	2026-01-30 22:52:39
_sources\freqtrade\tests\persistence\test_trade_fromjson.py	11653	2026-01-30 22:52:39
_sources\freqtrade\tests\plugins\__init__.py	0	2026-01-30 22:52:39
_sources\freqtrade\tests\plugins\__pycache__\__init__.cpython-311.pyc	155	2026-02-28 10:04:00
_sources\freqtrade\tests\plugins\__pycache__\test_pairlist.cpython-311.pyc	92644	2026-02-28 10:04:00
_sources\freqtrade\tests\plugins\__pycache__\test_pairlocks.cpython-311.pyc	9510	2026-02-28 10:04:00
_sources\freqtrade\tests\plugins\__pycache__\test_percentchangepairlist.cpython-311.pyc	12332	2026-02-28 10:04:00
_sources\freqtrade\tests\plugins\__pycache__\test_protections.cpython-311.pyc	28065	2026-02-28 10:04:00
_sources\freqtrade\tests\plugins\__pycache__\test_remotepairlist.cpython-311.pyc	12420	2026-02-28 10:04:00
_sources\freqtrade\tests\plugins\test_pairlist.py	98402	2026-01-30 22:52:39
_sources\freqtrade\tests\plugins\test_pairlocks.py	5677	2026-01-30 22:52:39
_sources\freqtrade\tests\plugins\test_percentchangepairlist.py	12663	2026-01-30 22:52:39
_sources\freqtrade\tests\plugins\test_protections.py	28192	2026-01-30 22:52:39
_sources\freqtrade\tests\plugins\test_remotepairlist.py	10827	2026-01-30 22:52:39
_sources\freqtrade\tests\pytest.sh	110	2026-01-30 22:52:39
_sources\freqtrade\tests\rpc\__init__.py	0	2026-01-30 22:52:39
_sources\freqtrade\tests\rpc\__pycache__\__init__.cpython-311.pyc	151	2026-02-28 10:04:00
_sources\freqtrade\tests\rpc\__pycache__\test_fiat_convert.cpython-311.pyc	11633	2026-02-28 10:04:00
_sources\freqtrade\tests\rpc\__pycache__\test_rpc.cpython-311.pyc	72882	2026-02-28 10:04:00
_sources\freqtrade\tests\rpc\__pycache__\test_rpc_apiserver.cpython-311.pyc	153042	2026-02-28 10:04:00
_sources\freqtrade\tests\rpc\__pycache__\test_rpc_emc.cpython-311.pyc	18698	2026-02-28 10:04:00
_sources\freqtrade\tests\rpc\__pycache__\test_rpc_manager.cpython-311.pyc	14364	2026-02-28 10:04:00
_sources\freqtrade\tests\rpc\__pycache__\test_rpc_telegram.cpython-311.pyc	148511	2026-02-28 10:04:00
_sources\freqtrade\tests\rpc\__pycache__\test_rpc_webhook.cpython-311.pyc	22459	2026-02-28 10:04:00
_sources\freqtrade\tests\rpc\test_fiat_convert.py	8321	2026-01-30 22:52:39
_sources\freqtrade\tests\rpc\test_rpc.py	54165	2026-01-30 22:52:39
_sources\freqtrade\tests\rpc\test_rpc_apiserver.py	114577	2026-01-30 22:52:39
_sources\freqtrade\tests\rpc\test_rpc_emc.py	14229	2026-01-30 22:52:39
_sources\freqtrade\tests\rpc\test_rpc_manager.py	9349	2026-01-30 22:52:39
_sources\freqtrade\tests\rpc\test_rpc_telegram.py	110961	2026-01-30 22:52:39
_sources\freqtrade\tests\rpc\test_rpc_webhook.py	17949	2026-01-30 22:52:39
_sources\freqtrade\tests\setup.Tests.ps1	6411	2026-01-30 22:52:39
_sources\freqtrade\tests\strategy\__init__.py	0	2026-01-30 22:52:39
_sources\freqtrade\tests\strategy\__pycache__\__init__.cpython-311.pyc	156	2026-02-28 10:04:00
_sources\freqtrade\tests\strategy\__pycache__\test_default_strategy.cpython-311.pyc	3380	2026-02-28 10:04:00
_sources\freqtrade\tests\strategy\__pycache__\test_interface.cpython-311.pyc	51553	2026-02-28 10:04:00
_sources\freqtrade\tests\strategy\__pycache__\test_strategy_helpers.cpython-311.pyc	24344	2026-02-28 10:04:00
_sources\freqtrade\tests\strategy\__pycache__\test_strategy_loading.cpython-311.pyc	29103	2026-02-28 10:04:00
_sources\freqtrade\tests\strategy\__pycache__\test_strategy_parameters.cpython-311.pyc	10356	2026-02-28 10:04:00
_sources\freqtrade\tests\strategy\__pycache__\test_strategy_safe_wrapper.cpython-311.pyc	5135	2026-02-28 10:04:00
_sources\freqtrade\tests\strategy\strats\__init__.py	0	2026-01-30 22:52:39
_sources\freqtrade\tests\strategy\strats\__pycache__\__init__.cpython-311.pyc	163	2026-02-28 10:04:00
_sources\freqtrade\tests\strategy\strats\__pycache__\failing_strategy.cpython-311.pyc	529	2026-02-28 10:04:00
_sources\freqtrade\tests\strategy\strats\__pycache__\freqai_rl_test_strat.cpython-311.pyc	5193	2026-02-28 10:04:00
_sources\freqtrade\tests\strategy\strats\__pycache__\freqai_test_classifier.cpython-311.pyc	6116	2026-02-28 10:04:00
_sources\freqtrade\tests\strategy\strats\__pycache__\freqai_test_multimodel_classifier_strat.cpython-311.pyc	6851	2026-02-28 10:04:00
_sources\freqtrade\tests\strategy\strats\__pycache__\freqai_test_multimodel_strat.cpython-311.pyc	7251	2026-02-28 10:04:00
_sources\freqtrade\tests\strategy\strats\__pycache__\freqai_test_strat.cpython-311.pyc	6503	2026-02-28 10:04:00
_sources\freqtrade\tests\strategy\strats\__pycache__\hyperoptable_strategy.cpython-311.pyc	4724	2026-02-28 10:04:00
_sources\freqtrade\tests\strategy\strats\__pycache__\hyperoptable_strategy_v2.cpython-311.pyc	2670	2026-02-28 10:04:00
_sources\freqtrade\tests\strategy\strats\__pycache__\informative_decorator_strategy.cpython-311.pyc	4716	2026-02-28 10:04:00
_sources\freqtrade\tests\strategy\strats\__pycache__\strategy_test_v2.cpython-311.pyc	5706	2026-02-28 10:04:00
_sources\freqtrade\tests\strategy\strats\__pycache__\strategy_test_v3.cpython-311.pyc	8289	2026-02-28 10:04:00
_sources\freqtrade\tests\strategy\strats\__pycache__\strategy_test_v3_custom_entry_price.cpython-311.pyc	2362	2026-02-28 10:04:00
_sources\freqtrade\tests\strategy\strats\__pycache__\strategy_test_v3_recursive_issue.cpython-311.pyc	2346	2026-02-28 10:04:00
_sources\freqtrade\tests\strategy\strats\broken_strats\__pycache__\broken_futures_strategies.cpython-311.pyc	5319	2026-02-28 10:04:00
_sources\freqtrade\tests\strategy\strats\broken_strats\__pycache__\legacy_strategy_v1.cpython-311.pyc	1313	2026-02-28 10:04:00
_sources\freqtrade\tests\strategy\strats\broken_strats\broken_futures_strategies.py	2538	2026-01-30 22:52:39
_sources\freqtrade\tests\strategy\strats\broken_strats\legacy_strategy_v1.py	582	2026-01-30 22:52:40
_sources\freqtrade\tests\strategy\strats\failing_strategy.py	202	2026-01-30 22:52:39
_sources\freqtrade\tests\strategy\strats\freqai_rl_test_strat.py	2873	2026-01-30 22:52:39
_sources\freqtrade\tests\strategy\strats\freqai_test_classifier.py	3852	2026-01-30 22:52:39
_sources\freqtrade\tests\strategy\strats\freqai_test_multimodel_classifier_strat.py	4052	2026-01-30 22:52:39
_sources\freqtrade\tests\strategy\strats\freqai_test_multimodel_strat.py	4550	2026-01-30 22:52:39
_sources\freqtrade\tests\strategy\strats\freqai_test_strat.py	4042	2026-01-30 22:52:39
_sources\freqtrade\tests\strategy\strats\hyperoptable_strategy.py	3288	2026-01-30 22:52:39
_sources\freqtrade\tests\strategy\strats\hyperoptable_strategy_v2.py	1859	2026-01-30 22:52:39
_sources\freqtrade\tests\strategy\strats\informative_decorator_strategy.py	3238	2026-01-30 22:52:39
_sources\freqtrade\tests\strategy\strats\lookahead_bias\__pycache__\strategy_test_v3_with_lookahead_bias.cpython-311.pyc	2934	2026-02-28 10:04:00
_sources\freqtrade\tests\strategy\strats\lookahead_bias\strategy_test_v3_with_lookahead_bias.py	1972	2026-01-30 22:52:40
_sources\freqtrade\tests\strategy\strats\strategy_test_v2.py	5170	2026-01-30 22:52:39
_sources\freqtrade\tests\strategy\strats\strategy_test_v3.py	6754	2026-01-30 22:52:39
_sources\freqtrade\tests\strategy\strats\strategy_test_v3_custom_entry_price.py	1319	2026-01-30 22:52:39
_sources\freqtrade\tests\strategy\strats\strategy_test_v3_recursive_issue.py	1584	2026-01-30 22:52:39
_sources\freqtrade\tests\strategy\test_default_strategy.py	2321	2026-01-30 22:52:39
_sources\freqtrade\tests\strategy\test_interface.py	39025	2026-01-30 22:52:39
_sources\freqtrade\tests\strategy\test_strategy_helpers.py	18808	2026-01-30 22:52:39
_sources\freqtrade\tests\strategy\test_strategy_loading.py	19451	2026-01-30 22:52:39
_sources\freqtrade\tests\strategy\test_strategy_parameters.py	5153	2026-01-30 22:52:39
_sources\freqtrade\tests\strategy\test_strategy_safe_wrapper.py	2817	2026-01-30 22:52:39
_sources\freqtrade\tests\test_arguments.py	10768	2026-01-30 22:52:39
_sources\freqtrade\tests\test_configuration.py	54757	2026-01-30 22:52:39
_sources\freqtrade\tests\test_directory_operations.py	4286	2026-01-30 22:52:39
_sources\freqtrade\tests\test_docs.sh	1524	2026-01-30 22:52:39
_sources\freqtrade\tests\test_indicators.py	880	2026-01-30 22:52:39
_sources\freqtrade\tests\test_log_setup.py	8305	2026-01-30 22:52:39
_sources\freqtrade\tests\test_main.py	9064	2026-01-30 22:52:39
_sources\freqtrade\tests\test_misc.py	8194	2026-01-30 22:52:39
_sources\freqtrade\tests\test_pip_audit.py	3507	2026-01-30 22:52:39
_sources\freqtrade\tests\test_plotting.py	19968	2026-01-30 22:52:39
_sources\freqtrade\tests\test_strategy_updater.py	6823	2026-01-30 22:52:39
_sources\freqtrade\tests\test_talib.py	443	2026-01-30 22:52:39
_sources\freqtrade\tests\test_timerange.py	3497	2026-01-30 22:52:39
_sources\freqtrade\tests\test_wallets.py	23030	2026-01-30 22:52:39
_sources\freqtrade\tests\testdata\ADA_BTC-5m.feather	173754	2026-01-30 22:52:40
_sources\freqtrade\tests\testdata\backtest_results\.last_result.json	43	2026-01-30 22:52:40
_sources\freqtrade\tests\testdata\backtest_results\backtest-result.json	132375	2026-01-30 22:52:40
_sources\freqtrade\tests\testdata\backtest_results\backtest-result.meta.json	138	2026-01-30 22:52:40
_sources\freqtrade\tests\testdata\backtest_results\backtest-result_multistrat.json	235499	2026-01-30 22:52:40
_sources\freqtrade\tests\testdata\backtest_results\backtest-result_multistrat.meta.json	271	2026-01-30 22:52:40
_sources\freqtrade\tests\testdata\BTC_USDT-5m.feather	102362	2026-01-30 22:52:40
_sources\freqtrade\tests\testdata\config.tests.json	1915	2026-01-30 22:52:40
_sources\freqtrade\tests\testdata\config.tests.usdt.json	2034	2026-01-30 22:52:40
_sources\freqtrade\tests\testdata\DASH_BTC-5m.feather	242986	2026-01-30 22:52:40
_sources\freqtrade\tests\testdata\ETC_BTC-5m.feather	230858	2026-01-30 22:52:40
_sources\freqtrade\tests\testdata\ETH_BTC-5m.feather	238010	2026-01-30 22:52:40
_sources\freqtrade\tests\testdata\futures\UNITTEST_USDT_USDT-1h-mark.feather	7482	2026-01-30 22:52:40
_sources\freqtrade\tests\testdata\futures\XRP_USDT_USDT-1h-funding_rate.feather	4490	2026-01-30 22:52:40
_sources\freqtrade\tests\testdata\futures\XRP_USDT_USDT-1h-futures.feather	8202	2026-01-30 22:52:40
_sources\freqtrade\tests\testdata\futures\XRP_USDT_USDT-1h-futures.json.gz	2471	2026-01-30 22:52:40
_sources\freqtrade\tests\testdata\futures\XRP_USDT_USDT-1h-mark.feather	7482	2026-01-30 22:52:40
_sources\freqtrade\tests\testdata\futures\XRP_USDT_USDT-5m-futures.feather	60586	2026-01-30 22:52:40
_sources\freqtrade\tests\testdata\hyperopt_results_SampleStrategy.pickle	7436	2026-01-30 22:52:40
_sources\freqtrade\tests\testdata\kraken\trades_csv\BCHEUR.csv	4892	2026-02-26 22:54:59
_sources\freqtrade\tests\testdata\kraken\trades_csv\incremental_q2\BCHEUR.csv	16058	2026-02-26 22:54:59
_sources\freqtrade\tests\testdata\LTC_BTC-5m.feather	226466	2026-01-30 22:52:40
_sources\freqtrade\tests\testdata\NOPAIR_XXX-4m.json	3	2026-01-30 22:52:40
_sources\freqtrade\tests\testdata\NXT_BTC-5m.feather	167746	2026-01-30 22:52:40
_sources\freqtrade\tests\testdata\orderflow\populate_dataframe_with_trades_DF.feather	32034	2026-01-30 22:52:40
_sources\freqtrade\tests\testdata\orderflow\populate_dataframe_with_trades_TRADES.feather	10678378	2026-01-30 22:52:40
_sources\freqtrade\tests\testdata\orderflow\public_trades_list.csv	92258	2026-02-26 22:54:59
_sources\freqtrade\tests\testdata\orderflow\public_trades_list_simple_example.csv	701	2026-02-26 22:54:59
_sources\freqtrade\tests\testdata\pairs.json	360	2026-01-30 22:52:40
_sources\freqtrade\tests\testdata\strategy_SampleStrategy.fthypt	55746	2026-01-30 22:52:40
_sources\freqtrade\tests\testdata\testconfigs\main_test_config.json	1931	2026-01-30 22:52:40
_sources\freqtrade\tests\testdata\testconfigs\recursive.json	123	2026-01-30 22:52:40
_sources\freqtrade\tests\testdata\testconfigs\test_base_config.json	208	2026-01-30 22:52:40
_sources\freqtrade\tests\testdata\testconfigs\test_pricing_conf.json	491	2026-01-30 22:52:40
_sources\freqtrade\tests\testdata\testconfigs\test_pricing2_conf.json	423	2026-01-30 22:52:40
_sources\freqtrade\tests\testdata\testconfigs\testconfig.json	102	2026-01-30 22:52:40
_sources\freqtrade\tests\testdata\TRX_BTC-5m.feather	197650	2026-01-30 22:52:40
_sources\freqtrade\tests\testdata\UNITTEST_BTC-1m.feather	488578	2026-01-30 22:52:40
_sources\freqtrade\tests\testdata\UNITTEST_BTC-1m.json	1037421	2026-01-30 22:52:40
_sources\freqtrade\tests\testdata\UNITTEST_BTC-30m.feather	90610	2026-01-30 22:52:40
_sources\freqtrade\tests\testdata\UNITTEST_BTC-5m.feather	238010	2026-01-30 22:52:40
_sources\freqtrade\tests\testdata\UNITTEST_BTC-8m.feather	0	2026-01-30 22:52:40
_sources\freqtrade\tests\testdata\UNITTEST_BTC-8m.json.gz	244227	2026-01-30 22:52:40
_sources\freqtrade\tests\testdata\XLM_BTC-5m.feather	187986	2026-01-30 22:52:40
_sources\freqtrade\tests\testdata\XMR_BTC-5m.feather	240282	2026-01-30 22:52:40
_sources\freqtrade\tests\testdata\XRP_ETH-1m.feather	91882	2026-01-30 22:52:40
_sources\freqtrade\tests\testdata\XRP_ETH-5m.feather	32426	2026-01-30 22:52:40
_sources\freqtrade\tests\testdata\XRP_ETH-trades.feather	374570	2026-01-30 22:52:40
_sources\freqtrade\tests\testdata\XRP_ETH-trades.json.gz	190318	2026-01-30 22:52:40
_sources\freqtrade\tests\testdata\XRP_ETH-trades.parquet	352168	2026-02-26 22:54:59
_sources\freqtrade\tests\testdata\XRP_OLD-trades.json.gz	473687	2026-01-30 22:52:40
_sources\freqtrade\tests\testdata\XRP_USDT-5m.feather	90018	2026-01-30 22:52:40
_sources\freqtrade\tests\testdata\ZEC_BTC-5m.feather	234426	2026-01-30 22:52:40
_sources\freqtrade\tests\util\__pycache__\test_ccxt_precise.cpython-311.pyc	5245	2026-02-28 10:04:00
_sources\freqtrade\tests\util\__pycache__\test_datetime_helpers.cpython-311.pyc	9367	2026-02-28 10:04:00
_sources\freqtrade\tests\util\__pycache__\test_formatters.cpython-311.pyc	6051	2026-02-28 10:04:00
_sources\freqtrade\tests\util\__pycache__\test_funding_rate_migration.cpython-311.pyc	1482	2026-02-28 10:04:00
_sources\freqtrade\tests\util\__pycache__\test_measure_time.cpython-311.pyc	2174	2026-02-28 10:04:00
_sources\freqtrade\tests\util\__pycache__\test_periodiccache.cpython-311.pyc	1595	2026-02-28 10:04:00
_sources\freqtrade\tests\util\__pycache__\test_rendering_utils.cpython-311.pyc	1203	2026-02-28 10:04:00
_sources\freqtrade\tests\util\__pycache__\test_wallet_util.cpython-311.pyc	909	2026-02-28 10:04:00
_sources\freqtrade\tests\util\test_ccxt_precise.py	2525	2026-01-30 22:52:40
_sources\freqtrade\tests\util\test_datetime_helpers.py	4519	2026-01-30 22:52:40
_sources\freqtrade\tests\util\test_formatters.py	3113	2026-01-30 22:52:40
_sources\freqtrade\tests\util\test_funding_rate_migration.py	975	2026-01-30 22:52:40
_sources\freqtrade\tests\util\test_measure_time.py	730	2026-01-30 22:52:40
_sources\freqtrade\tests\util\test_periodiccache.py	877	2026-01-30 22:52:40
_sources\freqtrade\tests\util\test_rendering_utils.py	621	2026-01-30 22:52:40
_sources\freqtrade\tests\util\test_wallet_util.py	593	2026-01-30 22:52:40
_sources\freqtrade\user_data\backtest_results\.gitkeep	0	2026-01-30 22:52:40
_sources\freqtrade\user_data\data\.gitkeep	0	2026-01-30 22:52:40
_sources\freqtrade\user_data\freqaimodels\.gitkeep	0	2026-01-30 22:52:40
_sources\freqtrade\user_data\hyperopts\.gitkeep	0	2026-01-30 22:52:40
_sources\freqtrade\user_data\notebooks\.gitkeep	0	2026-01-30 22:52:40
_sources\GeneTrader\.gitignore	841	2026-01-30 22:59:01
_sources\GeneTrader\__pycache__\get_max_fitness.cpython-311.pyc	5918	2026-02-28 10:03:58
_sources\GeneTrader\__pycache__\main.cpython-311.pyc	10054	2026-02-28 10:03:58
_sources\GeneTrader\clean.sh	180	2026-01-30 22:59:01
_sources\GeneTrader\config\__init__.py	0	2026-01-30 22:59:01
_sources\GeneTrader\config\__pycache__\__init__.cpython-311.pyc	149	2026-02-28 10:03:58
_sources\GeneTrader\config\__pycache__\config.cpython-311.pyc	1178	2026-02-28 10:03:58
_sources\GeneTrader\config\__pycache__\settings.cpython-311.pyc	9569	2026-02-28 10:03:58
_sources\GeneTrader\config\config.py	933	2026-01-30 22:59:01
_sources\GeneTrader\config\settings.py	7005	2026-01-30 22:59:01
_sources\GeneTrader\daily_results\20241223\gen10\__pycache__\GeneTrader_gen10_1734895087_6007.cpython-311.pyc	51737	2026-02-28 10:03:58
_sources\GeneTrader\daily_results\20241223\gen10\fitness_info.txt	148623	2026-01-30 22:59:01
_sources\GeneTrader\daily_results\20241223\gen10\GeneTrader_gen10_1734895087_6007.py	45481	2026-01-30 22:59:01
_sources\GeneTrader\data\__pycache__\downloader.cpython-311.pyc	3294	2026-02-28 10:03:58
_sources\GeneTrader\data\20250301203301.jpg	246932	2026-02-26 22:54:59
_sources\GeneTrader\data\delisted_coins.json	1753	2026-02-26 22:54:59
_sources\GeneTrader\data\downloader.py	1730	2026-02-26 22:54:59
_sources\GeneTrader\data\processed_announcements.json	965	2026-02-26 22:54:59
_sources\GeneTrader\Dockerfile	930	2026-01-30 22:59:01
_sources\GeneTrader\ga.json.example	1836	2026-01-30 22:59:01
_sources\GeneTrader\genetic_algorithm\__init__.py	0	2026-01-30 22:59:01
_sources\GeneTrader\genetic_algorithm\__pycache__\__init__.cpython-311.pyc	160	2026-02-28 10:03:58
_sources\GeneTrader\genetic_algorithm\__pycache__\individual.cpython-311.pyc	6403	2026-02-28 10:03:58
_sources\GeneTrader\genetic_algorithm\__pycache__\operators.cpython-311.pyc	5449	2026-02-28 10:03:58
_sources\GeneTrader\genetic_algorithm\__pycache__\population.cpython-311.pyc	1906	2026-02-28 10:03:58
_sources\GeneTrader\genetic_algorithm\individual.py	4019	2026-01-30 22:59:01
_sources\GeneTrader\genetic_algorithm\operators.py	3992	2026-01-30 22:59:01
_sources\GeneTrader\genetic_algorithm\population.py	523	2026-01-30 22:59:01
_sources\GeneTrader\get_max_fitness.py	4279	2026-01-30 22:59:01
_sources\GeneTrader\LICENSE	1059	2026-01-30 22:59:01
_sources\GeneTrader\main.py	7000	2026-01-30 22:59:01
_sources\GeneTrader\optimization\__init__.py	419	2026-01-30 22:59:01
_sources\GeneTrader\optimization\__pycache__\__init__.cpython-311.pyc	576	2026-02-28 10:03:58
_sources\GeneTrader\optimization\__pycache__\base_optimizer.cpython-311.pyc	2214	2026-02-28 10:03:58
_sources\GeneTrader\optimization\__pycache__\genetic_optimizer.cpython-311.pyc	8425	2026-02-28 10:03:58
_sources\GeneTrader\optimization\__pycache__\optuna_optimizer.cpython-311.pyc	13534	2026-02-28 10:03:58
_sources\GeneTrader\optimization\base_optimizer.py	1254	2026-01-30 22:59:01
_sources\GeneTrader\optimization\genetic_optimizer.py	5952	2026-01-30 22:59:01
_sources\GeneTrader\optimization\optuna_optimizer.py	9450	2026-01-30 22:59:01
_sources\GeneTrader\README.md	13648	2026-01-30 22:59:01
_sources\GeneTrader\requirements.txt	673	2026-01-30 22:59:01
_sources\GeneTrader\scripts\__init__.py	0	2026-01-30 22:59:01
_sources\GeneTrader\scripts\__pycache__\__init__.cpython-311.pyc	150	2026-02-28 10:03:58
_sources\GeneTrader\scripts\__pycache__\analyze_generations.cpython-311.pyc	5203	2026-02-28 10:03:58
_sources\GeneTrader\scripts\__pycache__\analyzer.cpython-311.pyc	3402	2026-02-28 10:03:58
_sources\GeneTrader\scripts\__pycache__\benchmark.cpython-311.pyc	5227	2026-02-28 10:03:58
_sources\GeneTrader\scripts\__pycache__\get_pairs.cpython-311.pyc	12267	2026-02-28 10:03:58
_sources\GeneTrader\scripts\__pycache__\monitor_delistings.cpython-311.pyc	14181	2026-02-28 10:03:58
_sources\GeneTrader\scripts\__pycache__\restart_freqtrade.cpython-311.pyc	2781	2026-02-28 10:03:58
_sources\GeneTrader\scripts\__pycache__\workflow.cpython-311.pyc	39371	2026-02-28 10:03:58
_sources\GeneTrader\scripts\analyze_generations.py	2378	2026-01-30 22:59:01
_sources\GeneTrader\scripts\analyzer.py	1981	2026-01-30 22:59:01
_sources\GeneTrader\scripts\benchmark.py	3205	2026-01-30 22:59:01
_sources\GeneTrader\scripts\get_pairs.py	7573	2026-01-30 22:59:01
_sources\GeneTrader\scripts\monitor_delistings.py	9679	2026-01-30 22:59:01
_sources\GeneTrader\scripts\restart_freqtrade.py	1690	2026-01-30 22:59:01
_sources\GeneTrader\scripts\showprofit.sh	338	2026-01-30 22:59:01
_sources\GeneTrader\scripts\workflow.py	30723	2026-01-30 22:59:01
_sources\GeneTrader\strategies\__pycache__\GeneStrategy.cpython-311.pyc	51209	2026-02-28 10:03:58
_sources\GeneTrader\strategies\GeneStrategy.py	45535	2026-01-30 22:59:01
_sources\GeneTrader\strategy\__init__.py	0	2026-01-30 22:59:01
_sources\GeneTrader\strategy\__pycache__\__init__.cpython-311.pyc	151	2026-02-28 10:03:58
_sources\GeneTrader\strategy\__pycache__\backtest.cpython-311.pyc	9750	2026-02-28 10:03:58
_sources\GeneTrader\strategy\__pycache__\evaluation.cpython-311.pyc	10648	2026-02-28 10:03:58
_sources\GeneTrader\strategy\__pycache__\gen_template.cpython-311.pyc	8258	2026-02-28 10:03:58
_sources\GeneTrader\strategy\backtest.py	6753	2026-01-30 22:59:01
_sources\GeneTrader\strategy\evaluation.py	7965	2026-01-30 22:59:01
_sources\GeneTrader\strategy\gen_template.py	6137	2026-01-30 22:59:01
_sources\GeneTrader\strategy\README.md	4952	2026-01-30 22:59:01
_sources\GeneTrader\tests\__init__.py	0	2026-01-30 22:59:01
_sources\GeneTrader\tests\__pycache__\__init__.cpython-311.pyc	148	2026-02-28 10:03:58
_sources\GeneTrader\tests\__pycache__\test.cpython-311.pyc	1697	2026-02-28 10:03:58
_sources\GeneTrader\tests\__pycache__\test_backtest.cpython-311.pyc	2518	2026-02-28 10:03:58
_sources\GeneTrader\tests\__pycache__\test_workflow.cpython-311.pyc	2303	2026-02-28 10:03:58
_sources\GeneTrader\tests\test.py	943	2026-01-30 22:59:01
_sources\GeneTrader\tests\test_backtest.py	1853	2026-01-30 22:59:01
_sources\GeneTrader\tests\test_workflow.py	1717	2026-01-30 22:59:01
_sources\GeneTrader\user_data\data\.gitkeep	0	2026-02-26 22:54:59
_sources\GeneTrader\user_data\example.json	5208	2026-01-30 22:59:01
_sources\GeneTrader\utils\__init__.py	0	2026-01-30 22:59:01
_sources\GeneTrader\utils\__pycache__\__init__.cpython-311.pyc	148	2026-02-28 10:03:58
_sources\GeneTrader\utils\__pycache__\file_operations.cpython-311.pyc	687	2026-02-28 10:03:58
_sources\GeneTrader\utils\__pycache__\fitness_helpers.cpython-311.pyc	4480	2026-02-28 10:03:58
_sources\GeneTrader\utils\__pycache__\logging_config.cpython-311.pyc	453	2026-02-28 10:03:58
_sources\GeneTrader\utils\file_operations.py	240	2026-01-30 22:59:01
_sources\GeneTrader\utils\fitness_helpers.py	3552	2026-01-30 22:59:01
_sources\GeneTrader\utils\logging_config.py	246	2026-01-30 22:59:01
_watchdog_20260202_112335.ps1	3577	2026-02-02 11:23:35
backtest_runner.py	34369	2026-02-04 05:50:18
backtest_runner.py.BROKEN_20260203_105903	32127	2026-02-03 10:51:10
backtest_runner.py.BROKEN_20260203_121215	31825	2026-02-03 12:03:47
backtest_runner_v3.py	52643	2026-02-25 23:08:41
backtest_runner_v3_ENTRY_TUNING.py	46789	2026-02-02 09:03:08
backtest_runner_v3_patched.py	50997	2026-02-02 08:51:28
bt_contract_test.py	3222	2026-02-04 07:42:57
config\tp_sl_constraints.json	226	2026-02-21 19:58:30
configs\default_config.json	292	2026-02-21 19:58:30
configs\factory_config.json	1346	2026-02-11 23:24:18
configs\ga_config.json	447	2026-01-31 17:19:00
configs\ga_config_v2.json	237	2026-02-11 22:47:33
data_loader.py	9860	2026-02-12 22:33:57
data_loader\__pycache__\_ind_fallback.cpython-311.pyc	3723	2026-02-28 10:04:00
data_loader\__pycache__\parquet_loader.cpython-311.pyc	2067	2026-02-28 10:04:00
data_loader\_ind_fallback.py	1362	2026-02-26 22:55:01
data_loader\parquet_loader.py	731	2026-02-26 22:55:01
data_map_20260203_065657.txt	8147	2026-02-03 06:56:57
diag_fast_output.py	2834	2026-02-03 11:02:36
factory_ga.py	24496	2026-02-24 21:11:52
factory_master_247.py	7608	2026-02-12 23:50:19
franken_monitor.ps1	1925	2026-02-07 09:58:02
franken_run.ps1	4846	2026-02-07 21:34:27
FRANKEN_START.ps1	867	2026-02-07 09:58:03
franken_tp_sl_guard.py	2076	2026-02-09 06:46:45
ga_adapters\__init__.py	0	2026-02-11 23:13:09
ga_adapters\__pycache__\__init__.cpython-311.pyc	134	2026-02-28 10:04:00
ga_adapters\__pycache__\contract.cpython-311.pyc	5449	2026-02-28 10:04:00
ga_adapters\__pycache__\fitness_bridge.cpython-311.pyc	3233	2026-02-28 10:04:00
ga_adapters\__pycache__\gene_pool_writer.cpython-311.pyc	2201	2026-02-28 10:04:00
ga_adapters\__pycache__\param_bridge.cpython-311.pyc	4346	2026-02-28 10:04:00
ga_adapters\__pycache__\progress.cpython-311.pyc	2212	2026-02-28 10:04:00
ga_adapters\__pycache__\runner_bridge.cpython-311.pyc	15219	2026-02-28 10:04:00
ga_adapters\contract.py	2977	2026-02-11 23:13:09
ga_adapters\fitness_bridge.py	1778	2026-01-31 17:11:45
ga_adapters\gene_pool_writer.py	1003	2026-02-09 15:11:26
ga_adapters\gene_pool_writer.py.backup	1174	2026-01-31 17:11:45
ga_adapters\gene_pool_writer.py.backup2	1176	2026-02-09 15:03:07
ga_adapters\param_bridge.py	2524	2026-01-31 17:11:45
ga_adapters\progress.py	824	2026-02-11 23:30:13
ga_adapters\runner_bridge.py	10697	2026-02-24 23:37:18
ga_adapters\runner_bridge.py.backup	3935	2026-02-08 12:01:22
ga_engine\deap\.azure-pipelines\cd.yml	7298	2026-01-30 22:57:09
ga_engine\deap\.azure-pipelines\ci.yml	1007	2026-01-30 22:57:09
ga_engine\deap\.gitignore	220	2026-01-30 22:57:10
ga_engine\deap\.readthedocs.yaml	1058	2026-01-30 22:57:10
ga_engine\deap\__pycache__\setup.cpython-311.pyc	5536	2026-02-28 10:04:00
ga_engine\deap\deap\__init__.py	761	2026-01-30 22:57:09
ga_engine\deap\deap\__pycache__\__init__.cpython-311.pyc	224	2026-02-28 10:04:00
ga_engine\deap\deap\__pycache__\algorithms.cpython-311.pyc	25015	2026-02-28 10:04:00
ga_engine\deap\deap\__pycache__\base.cpython-311.pyc	17018	2026-02-28 10:04:00
ga_engine\deap\deap\__pycache__\cma.cpython-311.pyc	57833	2026-02-28 10:04:00
ga_engine\deap\deap\__pycache__\creator.cpython-311.pyc	8852	2026-02-28 10:04:00
ga_engine\deap\deap\__pycache__\gp.cpython-311.pyc	69730	2026-02-28 10:04:00
ga_engine\deap\deap\algorithms.py	23000	2026-01-30 22:57:09
ga_engine\deap\deap\base.py	14167	2026-01-30 22:57:09
ga_engine\deap\deap\benchmarks\__init__.py	25820	2026-01-30 22:57:09
ga_engine\deap\deap\benchmarks\__pycache__\__init__.cpython-311.pyc	46433	2026-02-28 10:04:00
ga_engine\deap\deap\benchmarks\__pycache__\binary.cpython-311.pyc	6992	2026-02-28 10:04:00
ga_engine\deap\deap\benchmarks\__pycache__\gp.cpython-311.pyc	5475	2026-02-28 10:04:00
ga_engine\deap\deap\benchmarks\__pycache__\movingpeaks.cpython-311.pyc	25716	2026-02-28 10:04:00
ga_engine\deap\deap\benchmarks\__pycache__\tools.cpython-311.pyc	18697	2026-02-28 10:04:00
ga_engine\deap\deap\benchmarks\binary.py	4928	2026-01-30 22:57:09
ga_engine\deap\deap\benchmarks\gp.py	3825	2026-01-30 22:57:09
ga_engine\deap\deap\benchmarks\movingpeaks.py	18331	2026-01-30 22:57:09
ga_engine\deap\deap\benchmarks\tools.py	12172	2026-01-30 22:57:09
ga_engine\deap\deap\cma.py	41801	2026-01-30 22:57:09
ga_engine\deap\deap\creator.py	7187	2026-01-30 22:57:09
ga_engine\deap\deap\gp.py	52433	2026-01-30 22:57:09
ga_engine\deap\deap\tools\__init__.py	1338	2026-01-30 22:57:09
ga_engine\deap\deap\tools\__pycache__\__init__.cpython-311.pyc	872	2026-02-28 10:04:00
ga_engine\deap\deap\tools\__pycache__\constraint.cpython-311.pyc	11729	2026-02-28 10:04:00
ga_engine\deap\deap\tools\__pycache__\crossover.cpython-311.pyc	20641	2026-02-28 10:04:00
ga_engine\deap\deap\tools\__pycache__\emo.cpython-311.pyc	45962	2026-02-28 10:04:00
ga_engine\deap\deap\tools\__pycache__\indicator.cpython-311.pyc	2036	2026-02-28 10:04:00
ga_engine\deap\deap\tools\__pycache__\init.cpython-311.pyc	4468	2026-02-28 10:04:00
ga_engine\deap\deap\tools\__pycache__\migration.cpython-311.pyc	3542	2026-02-28 10:04:00
ga_engine\deap\deap\tools\__pycache__\mutation.cpython-311.pyc	12467	2026-02-28 10:04:00
ga_engine\deap\deap\tools\__pycache__\selection.cpython-311.pyc	19598	2026-02-28 10:04:00
ga_engine\deap\deap\tools\__pycache__\support.cpython-311.pyc	35404	2026-02-28 10:04:00
ga_engine\deap\deap\tools\_hypervolume\__init__.py	693	2026-01-30 22:57:09
ga_engine\deap\deap\tools\_hypervolume\__pycache__\__init__.cpython-311.pyc	161	2026-02-28 10:04:00
ga_engine\deap\deap\tools\_hypervolume\__pycache__\pyhv.cpython-311.pyc	14583	2026-02-28 10:04:00
ga_engine\deap\deap\tools\_hypervolume\_hv.c	46443	2026-01-30 22:57:09
ga_engine\deap\deap\tools\_hypervolume\_hv.h	2117	2026-01-30 22:57:09
ga_engine\deap\deap\tools\_hypervolume\hv.cpp	4680	2026-01-30 22:57:09
ga_engine\deap\deap\tools\_hypervolume\pyhv.py	11652	2026-01-30 22:57:09
ga_engine\deap\deap\tools\constraint.py	7941	2026-01-30 22:57:09
ga_engine\deap\deap\tools\crossover.py	17311	2026-01-30 22:57:09
ga_engine\deap\deap\tools\emo.py	33160	2026-01-30 22:57:09
ga_engine\deap\deap\tools\indicator.py	1196	2026-01-30 22:57:09
ga_engine\deap\deap\tools\init.py	3283	2026-01-30 22:57:09
ga_engine\deap\deap\tools\migration.py	2726	2026-01-30 22:57:09
ga_engine\deap\deap\tools\mutation.py	9837	2026-01-30 22:57:09
ga_engine\deap\deap\tools\selection.py	13325	2026-01-30 22:57:09
ga_engine\deap\deap\tools\support.py	26498	2026-01-30 22:57:09
ga_engine\deap\doc\__pycache__\conf.cpython-311.pyc	2821	2026-02-28 10:04:00
ga_engine\deap\doc\_images\constraints.png	42715	2026-01-30 22:57:09
ga_engine\deap\doc\_images\genealogy.png	198299	2026-01-30 22:57:09
ga_engine\deap\doc\_images\gptree.png	15591	2026-01-30 22:57:09
ga_engine\deap\doc\_images\gptypederrtree.png	11306	2026-01-30 22:57:09
ga_engine\deap\doc\_images\gptypedtree.png	16637	2026-01-30 22:57:09
ga_engine\deap\doc\_images\gptypedtrees.png	21744	2026-01-30 22:57:09
ga_engine\deap\doc\_images\more.png	1502	2026-01-30 22:57:09
ga_engine\deap\doc\_images\nsga3.png	109712	2026-01-30 22:57:09
ga_engine\deap\doc\_images\twin_logbook.png	39433	2026-01-30 22:57:09
ga_engine\deap\doc\_static\copybutton.js	2495	2026-01-30 22:57:09
ga_engine\deap\doc\_static\DEAP.pdf	2179	2026-01-30 22:57:09
ga_engine\deap\doc\_static\deap_icon_16x16.ico	1150	2026-01-30 22:57:09
ga_engine\deap\doc\_static\deap_icon-39x55.png	11953	2026-01-30 22:57:09
ga_engine\deap\doc\_static\deap_long.png	33554	2026-01-30 22:57:09
ga_engine\deap\doc\_static\deap_orange_icon_16x16.ico	1150	2026-01-30 22:57:09
ga_engine\deap\doc\_static\deap_orange_icon_32.ico	4286	2026-01-30 22:57:09
ga_engine\deap\doc\_static\lvsn.png	101766	2026-01-30 22:57:09
ga_engine\deap\doc\_static\sidebar.js	5168	2026-01-30 22:57:09
ga_engine\deap\doc\_static\ul.gif	7827	2026-01-30 22:57:09
ga_engine\deap\doc\_templates\indexsidebar.html	526	2026-01-30 22:57:09
ga_engine\deap\doc\_templates\layout.html	1334	2026-01-30 22:57:09
ga_engine\deap\doc\_themes\pydoctheme\static\pydoctheme.css	2831	2026-01-30 22:57:09
ga_engine\deap\doc\_themes\pydoctheme\theme.conf	591	2026-01-30 22:57:09
ga_engine\deap\doc\about.rst	2026	2026-01-30 22:57:09
ga_engine\deap\doc\api\algo.rst	1632	2026-01-30 22:57:09
ga_engine\deap\doc\api\base.rst	375	2026-01-30 22:57:09
ga_engine\deap\doc\api\benchmarks.rst	5302	2026-01-30 22:57:09
ga_engine\deap\doc\api\creator.rst	159	2026-01-30 22:57:09
ga_engine\deap\doc\api\gp.rst	458	2026-01-30 22:57:09
ga_engine\deap\doc\api\index.rst	187	2026-01-30 22:57:09
ga_engine\deap\doc\api\tools.rst	8665	2026-01-30 22:57:09
ga_engine\deap\doc\code\benchmarks\__pycache__\ackley.cpython-311.pyc	1812	2026-02-28 10:04:00
ga_engine\deap\doc\code\benchmarks\__pycache__\bohachevsky.cpython-311.pyc	1869	2026-02-28 10:04:00
ga_engine\deap\doc\code\benchmarks\__pycache__\griewank.cpython-311.pyc	1759	2026-02-28 10:04:00
ga_engine\deap\doc\code\benchmarks\__pycache__\h1.cpython-311.pyc	1798	2026-02-28 10:04:00
ga_engine\deap\doc\code\benchmarks\__pycache__\himmelblau.cpython-311.pyc	1863	2026-02-28 10:04:00
ga_engine\deap\doc\code\benchmarks\__pycache__\kursawe.cpython-311.pyc	2165	2026-02-28 10:04:00
ga_engine\deap\doc\code\benchmarks\__pycache__\movingsc1.cpython-311.pyc	2037	2026-02-28 10:04:00
ga_engine\deap\doc\code\benchmarks\__pycache__\rastrigin.cpython-311.pyc	1762	2026-02-28 10:04:00
ga_engine\deap\doc\code\benchmarks\__pycache__\rosenbrock.cpython-311.pyc	1834	2026-02-28 10:04:00
ga_engine\deap\doc\code\benchmarks\__pycache__\schaffer.cpython-311.pyc	1759	2026-02-28 10:04:00
ga_engine\deap\doc\code\benchmarks\__pycache__\schwefel.cpython-311.pyc	1716	2026-02-28 10:04:00
ga_engine\deap\doc\code\benchmarks\__pycache__\shekel.cpython-311.pyc	1999	2026-02-28 10:04:00
ga_engine\deap\doc\code\benchmarks\ackley.py	683	2026-01-30 22:57:09
ga_engine\deap\doc\code\benchmarks\bohachevsky.py	699	2026-01-30 22:57:09
ga_engine\deap\doc\code\benchmarks\griewank.py	634	2026-01-30 22:57:09
ga_engine\deap\doc\code\benchmarks\h1.py	671	2026-01-30 22:57:09
ga_engine\deap\doc\code\benchmarks\himmelblau.py	671	2026-01-30 22:57:09
ga_engine\deap\doc\code\benchmarks\kursawe.py	855	2026-01-30 22:57:09
ga_engine\deap\doc\code\benchmarks\movingsc1.py	727	2026-01-30 22:57:09
ga_engine\deap\doc\code\benchmarks\rastrigin.py	614	2026-01-30 22:57:09
ga_engine\deap\doc\code\benchmarks\rosenbrock.py	691	2026-01-30 22:57:09
ga_engine\deap\doc\code\benchmarks\schaffer.py	636	2026-01-30 22:57:09
ga_engine\deap\doc\code\benchmarks\schwefel.py	636	2026-01-30 22:57:09
ga_engine\deap\doc\code\benchmarks\shekel.py	876	2026-01-30 22:57:09
ga_engine\deap\doc\code\examples\__pycache__\nsga3_ref_points.cpython-311.pyc	2109	2026-02-28 10:04:00
ga_engine\deap\doc\code\examples\__pycache__\nsga3_ref_points_combined.cpython-311.pyc	2437	2026-02-28 10:04:00
ga_engine\deap\doc\code\examples\__pycache__\nsga3_ref_points_combined_plot.cpython-311.pyc	2223	2026-02-28 10:04:00
ga_engine\deap\doc\code\examples\nsga3_ref_points.py	875	2026-01-30 22:57:09
ga_engine\deap\doc\code\examples\nsga3_ref_points_combined.py	1080	2026-01-30 22:57:09
ga_engine\deap\doc\code\examples\nsga3_ref_points_combined_plot.py	1086	2026-01-30 22:57:09
ga_engine\deap\doc\code\tutorials\part_1\__pycache__\1_where_to_start.cpython-311.pyc	3558	2026-02-28 10:04:00
ga_engine\deap\doc\code\tutorials\part_1\1_where_to_start.py	2147	2026-01-30 22:57:09
ga_engine\deap\doc\code\tutorials\part_2\__pycache__\2_1_fitness.cpython-311.pyc	494	2026-02-28 10:04:00
ga_engine\deap\doc\code\tutorials\part_2\__pycache__\2_2_1_list_of_floats.cpython-311.pyc	1187	2026-02-28 10:04:00
ga_engine\deap\doc\code\tutorials\part_2\__pycache__\2_2_2_permutation.cpython-311.pyc	959	2026-02-28 10:04:00
ga_engine\deap\doc\code\tutorials\part_2\__pycache__\2_2_3_arithmetic_expression.cpython-311.pyc	1397	2026-02-28 10:04:00
ga_engine\deap\doc\code\tutorials\part_2\__pycache__\2_2_4_evolution_strategy.cpython-311.pyc	2022	2026-02-28 10:04:00
ga_engine\deap\doc\code\tutorials\part_2\__pycache__\2_2_5_particle.cpython-311.pyc	1816	2026-02-28 10:04:00
ga_engine\deap\doc\code\tutorials\part_2\__pycache__\2_2_6_funky_one.cpython-311.pyc	1190	2026-02-28 10:04:00
ga_engine\deap\doc\code\tutorials\part_2\__pycache__\2_3_1_bag.cpython-311.pyc	1131	2026-02-28 10:04:00
ga_engine\deap\doc\code\tutorials\part_2\__pycache__\2_3_2_grid.cpython-311.pyc	1319	2026-02-28 10:04:00
ga_engine\deap\doc\code\tutorials\part_2\__pycache__\2_3_3_swarm.cpython-311.pyc	2056	2026-02-28 10:04:00
ga_engine\deap\doc\code\tutorials\part_2\__pycache__\2_3_4_demes.cpython-311.pyc	1366	2026-02-28 10:04:00
ga_engine\deap\doc\code\tutorials\part_2\__pycache__\2_3_5_seeding_a_population.cpython-311.pyc	1807	2026-02-28 10:04:00
ga_engine\deap\doc\code\tutorials\part_2\2_1_fitness.py	220	2026-01-30 22:57:09
ga_engine\deap\doc\code\tutorials\part_2\2_2_1_list_of_floats.py	617	2026-01-30 22:57:09
ga_engine\deap\doc\code\tutorials\part_2\2_2_2_permutation.py	443	2026-01-30 22:57:09
ga_engine\deap\doc\code\tutorials\part_2\2_2_3_arithmetic_expression.py	644	2026-01-30 22:57:09
ga_engine\deap\doc\code\tutorials\part_2\2_2_4_evolution_strategy.py	832	2026-01-30 22:57:09
ga_engine\deap\doc\code\tutorials\part_2\2_2_5_particle.py	679	2026-01-30 22:57:09
ga_engine\deap\doc\code\tutorials\part_2\2_2_6_funky_one.py	587	2026-01-30 22:57:09
ga_engine\deap\doc\code\tutorials\part_2\2_3_1_bag.py	535	2026-01-30 22:57:09
ga_engine\deap\doc\code\tutorials\part_2\2_3_2_grid.py	658	2026-01-30 22:57:09
ga_engine\deap\doc\code\tutorials\part_2\2_3_3_swarm.py	827	2026-01-30 22:57:09
ga_engine\deap\doc\code\tutorials\part_2\2_3_4_demes.py	585	2026-01-30 22:57:09
ga_engine\deap\doc\code\tutorials\part_2\2_3_5_seeding_a_population.py	695	2026-01-30 22:57:09
ga_engine\deap\doc\code\tutorials\part_2\my_guess.json	51	2026-01-30 22:57:09
ga_engine\deap\doc\code\tutorials\part_3\__pycache__\3_6_2_tool_decoration.cpython-311.pyc	1745	2026-02-28 10:04:00
ga_engine\deap\doc\code\tutorials\part_3\__pycache__\3_6_using_the_toolbox.cpython-311.pyc	3031	2026-02-28 10:04:00
ga_engine\deap\doc\code\tutorials\part_3\__pycache__\3_7_variations.cpython-311.pyc	2792	2026-02-28 10:04:00
ga_engine\deap\doc\code\tutorials\part_3\__pycache__\3_8_algorithms.cpython-311.pyc	2166	2026-02-28 10:04:00
ga_engine\deap\doc\code\tutorials\part_3\__pycache__\3_next_step.cpython-311.pyc	2851	2026-02-28 10:04:00
ga_engine\deap\doc\code\tutorials\part_3\__pycache__\logbook.cpython-311.pyc	3230	2026-02-28 10:04:00
ga_engine\deap\doc\code\tutorials\part_3\__pycache__\multistats.cpython-311.pyc	4152	2026-02-28 10:04:00
ga_engine\deap\doc\code\tutorials\part_3\__pycache__\stats.cpython-311.pyc	3115	2026-02-28 10:04:00
ga_engine\deap\doc\code\tutorials\part_3\3_6_2_tool_decoration.py	771	2026-01-30 22:57:09
ga_engine\deap\doc\code\tutorials\part_3\3_6_using_the_toolbox.py	1907	2026-01-30 22:57:09
ga_engine\deap\doc\code\tutorials\part_3\3_7_variations.py	1598	2026-01-30 22:57:09
ga_engine\deap\doc\code\tutorials\part_3\3_8_algorithms.py	1050	2026-01-30 22:57:09
ga_engine\deap\doc\code\tutorials\part_3\3_next_step.py	1523	2026-01-30 22:57:09
ga_engine\deap\doc\code\tutorials\part_3\logbook.py	1407	2026-01-30 22:57:09
ga_engine\deap\doc\code\tutorials\part_3\multistats.py	1792	2026-01-30 22:57:09
ga_engine\deap\doc\code\tutorials\part_3\stats.py	1426	2026-01-30 22:57:09
ga_engine\deap\doc\code\tutorials\part_4\__pycache__\4_4_Using_Cpp_NSGA.cpython-311.pyc	8365	2026-02-28 10:04:00
ga_engine\deap\doc\code\tutorials\part_4\__pycache__\4_5_home_made_eval_func.cpython-311.pyc	9728	2026-02-28 10:04:00
ga_engine\deap\doc\code\tutorials\part_4\__pycache__\installSN.cpython-311.pyc	490	2026-02-28 10:04:00
ga_engine\deap\doc\code\tutorials\part_4\__pycache__\sortingnetwork.cpython-311.pyc	6887	2026-02-28 10:04:00
ga_engine\deap\doc\code\tutorials\part_4\4_4_Using_Cpp_NSGA.py	4932	2026-01-30 22:57:09
ga_engine\deap\doc\code\tutorials\part_4\4_5_home_made_eval_func.py	5529	2026-01-30 22:57:09
ga_engine\deap\doc\code\tutorials\part_4\installSN.py	244	2026-01-30 22:57:09
ga_engine\deap\doc\code\tutorials\part_4\SNC.cpp	6089	2026-01-30 22:57:09
ga_engine\deap\doc\code\tutorials\part_4\sortingnetwork.py	4640	2026-01-30 22:57:09
ga_engine\deap\doc\conf.py	8305	2026-01-30 22:57:09
ga_engine\deap\doc\contributing.rst	2477	2026-01-30 22:57:09
ga_engine\deap\doc\examples\bipop_cmaes.rst	2127	2026-01-30 22:57:09
ga_engine\deap\doc\examples\cmaes.rst	1479	2026-01-30 22:57:09
ga_engine\deap\doc\examples\cmaes_plotting.rst	2579	2026-01-30 22:57:09
ga_engine\deap\doc\examples\coev_coop.rst	2931	2026-01-30 22:57:09
ga_engine\deap\doc\examples\eda.rst	2292	2026-01-30 22:57:09
ga_engine\deap\doc\examples\es_fctmin.rst	2425	2026-01-30 22:57:09
ga_engine\deap\doc\examples\es_onefifth.rst	138	2026-01-30 22:57:09
ga_engine\deap\doc\examples\ga_knapsack.rst	3043	2026-01-30 22:57:09
ga_engine\deap\doc\examples\ga_onemax.rst	10293	2026-01-30 22:57:09
ga_engine\deap\doc\examples\ga_onemax_numpy.rst	1036	2026-01-30 22:57:09
ga_engine\deap\doc\examples\ga_onemax_short.rst	1553	2026-01-30 22:57:09
ga_engine\deap\doc\examples\gp_ant.rst	3127	2026-01-30 22:57:09
ga_engine\deap\doc\examples\gp_multiplexer.rst	1829	2026-01-30 22:57:09
ga_engine\deap\doc\examples\gp_parity.rst	2047	2026-01-30 22:57:09
ga_engine\deap\doc\examples\gp_spambase.rst	3443	2026-01-30 22:57:09
ga_engine\deap\doc\examples\gp_symbreg.rst	7037	2026-01-30 22:57:09
ga_engine\deap\doc\examples\index.rst	1046	2026-01-30 22:57:09
ga_engine\deap\doc\examples\nsga3.rst	4391	2026-01-30 22:57:09
ga_engine\deap\doc\examples\pso_basic.rst	4847	2026-01-30 22:57:09
ga_engine\deap\doc\examples\pso_multiswarm.rst	3094	2026-01-30 22:57:09
ga_engine\deap\doc\index.rst	1984	2026-01-30 22:57:09
ga_engine\deap\doc\installation.rst	962	2026-01-30 22:57:09
ga_engine\deap\doc\Makefile	3143	2026-01-30 22:57:09
ga_engine\deap\doc\overview.rst	3581	2026-01-30 22:57:09
ga_engine\deap\doc\pip_req.txt	32	2026-01-30 22:57:09
ga_engine\deap\doc\porting.rst	3453	2026-01-30 22:57:09
ga_engine\deap\doc\releases.rst	5534	2026-01-30 22:57:09
ga_engine\deap\doc\requirements.txt	6	2026-01-30 22:57:09
ga_engine\deap\doc\tutorials\advanced\benchmarking.rst	2934	2026-01-30 22:57:09
ga_engine\deap\doc\tutorials\advanced\checkpoint.rst	3389	2026-01-30 22:57:09
ga_engine\deap\doc\tutorials\advanced\constraints.rst	3435	2026-01-30 22:57:09
ga_engine\deap\doc\tutorials\advanced\gp.rst	12053	2026-01-30 22:57:09
ga_engine\deap\doc\tutorials\advanced\numpy.rst	4153	2026-01-30 22:57:09
ga_engine\deap\doc\tutorials\basic\part1.rst	13170	2026-01-30 22:57:09
ga_engine\deap\doc\tutorials\basic\part2.rst	10996	2026-01-30 22:57:09
ga_engine\deap\doc\tutorials\basic\part3.rst	9635	2026-01-30 22:57:09
ga_engine\deap\doc\tutorials\basic\part4.rst	5331	2026-01-30 22:57:09
ga_engine\deap\examples\__pycache__\bbob.cpython-311.pyc	4980	2026-02-28 10:04:00
ga_engine\deap\examples\bbob.py	5020	2026-01-30 22:57:09
ga_engine\deap\examples\coev\__pycache__\coop_adapt.cpython-311.pyc	7550	2026-02-28 10:04:00
ga_engine\deap\examples\coev\__pycache__\coop_base.cpython-311.pyc	6212	2026-02-28 10:04:00
ga_engine\deap\examples\coev\__pycache__\coop_evol.cpython-311.pyc	8823	2026-02-28 10:04:00
ga_engine\deap\examples\coev\__pycache__\coop_gen.cpython-311.pyc	7003	2026-02-28 10:04:00
ga_engine\deap\examples\coev\__pycache__\coop_niche.cpython-311.pyc	4964	2026-02-28 10:04:00
ga_engine\deap\examples\coev\__pycache__\hillis.cpython-311.pyc	9889	2026-02-28 10:04:00
ga_engine\deap\examples\coev\__pycache__\symbreg.cpython-311.pyc	6709	2026-02-28 10:04:00
ga_engine\deap\examples\coev\coop_adapt.py	4952	2026-01-30 22:57:09
ga_engine\deap\examples\coev\coop_base.py	3822	2026-01-30 22:57:09
ga_engine\deap\examples\coev\coop_evol.py	6150	2026-01-30 22:57:09
ga_engine\deap\examples\coev\coop_gen.py	4762	2026-01-30 22:57:09
ga_engine\deap\examples\coev\coop_niche.py	3365	2026-01-30 22:57:09
ga_engine\deap\examples\coev\hillis.py	5679	2026-01-30 22:57:09
ga_engine\deap\examples\coev\symbreg.py	4542	2026-01-30 22:57:09
ga_engine\deap\examples\de\__pycache__\basic.cpython-311.pyc	4396	2026-02-28 10:04:00
ga_engine\deap\examples\de\__pycache__\dynamic.cpython-311.pyc	9528	2026-02-28 10:04:00
ga_engine\deap\examples\de\__pycache__\sphere.cpython-311.pyc	6402	2026-02-28 10:04:00
ga_engine\deap\examples\de\basic.py	2816	2026-01-30 22:57:09
ga_engine\deap\examples\de\dynamic.py	5807	2026-01-30 22:57:09
ga_engine\deap\examples\de\sphere.py	3767	2026-01-30 22:57:09
ga_engine\deap\examples\eda\__pycache__\emna.cpython-311.pyc	4774	2026-02-28 10:04:00
ga_engine\deap\examples\eda\__pycache__\pbil.cpython-311.pyc	4962	2026-02-28 10:04:00
ga_engine\deap\examples\eda\emna.py	3411	2026-01-30 22:57:09
ga_engine\deap\examples\eda\pbil.py	2789	2026-01-30 22:57:09
ga_engine\deap\examples\es\__pycache__\cma_1+l_minfct.cpython-311.pyc	2968	2026-02-28 10:04:00
ga_engine\deap\examples\es\__pycache__\cma_bipop.cpython-311.pyc	9814	2026-02-28 10:04:00
ga_engine\deap\examples\es\__pycache__\cma_minfct.cpython-311.pyc	2533	2026-02-28 10:04:00
ga_engine\deap\examples\es\__pycache__\cma_mo.cpython-311.pyc	8815	2026-02-28 10:04:00
ga_engine\deap\examples\es\__pycache__\cma_plotting.cpython-311.pyc	6270	2026-02-28 10:04:00
ga_engine\deap\examples\es\__pycache__\fctmin.cpython-311.pyc	5055	2026-02-28 10:04:00
ga_engine\deap\examples\es\__pycache__\onefifth.cpython-311.pyc	3698	2026-02-28 10:04:00
ga_engine\deap\examples\es\cma_1+l_minfct.py	1996	2026-01-30 22:57:10
ga_engine\deap\examples\es\cma_bipop.py	8278	2026-01-30 22:57:10
ga_engine\deap\examples\es\cma_minfct.py	2164	2026-01-30 22:57:10
ga_engine\deap\examples\es\cma_mo.py	5971	2026-01-30 22:57:10
ga_engine\deap\examples\es\cma_plotting.py	4286	2026-01-30 22:57:10
ga_engine\deap\examples\es\fctmin.py	2928	2026-01-30 22:57:10
ga_engine\deap\examples\es\onefifth.py	2770	2026-01-30 22:57:10
ga_engine\deap\examples\ga\__pycache__\evoknn.cpython-311.pyc	5089	2026-02-28 10:04:00
ga_engine\deap\examples\ga\__pycache__\evoknn_jmlr.cpython-311.pyc	2479	2026-02-28 10:04:00
ga_engine\deap\examples\ga\__pycache__\evosn.cpython-311.pyc	8184	2026-02-28 10:04:00
ga_engine\deap\examples\ga\__pycache__\knapsack.cpython-311.pyc	4671	2026-02-28 10:04:00
ga_engine\deap\examples\ga\__pycache__\knn.cpython-311.pyc	6608	2026-02-28 10:04:00
ga_engine\deap\examples\ga\__pycache__\kursawefct.cpython-311.pyc	4159	2026-02-28 10:04:00
ga_engine\deap\examples\ga\__pycache__\mo_rhv.cpython-311.pyc	8983	2026-02-28 10:04:00
ga_engine\deap\examples\ga\__pycache__\nqueens.cpython-311.pyc	4139	2026-02-28 10:04:00
ga_engine\deap\examples\ga\__pycache__\nsga2.cpython-311.pyc	6602	2026-02-28 10:04:00
ga_engine\deap\examples\ga\__pycache__\nsga3.cpython-311.pyc	8428	2026-02-28 10:04:00
ga_engine\deap\examples\ga\__pycache__\onemax.cpython-311.pyc	5717	2026-02-28 10:04:00
ga_engine\deap\examples\ga\__pycache__\onemax_island.cpython-311.pyc	8516	2026-02-28 10:04:00
ga_engine\deap\examples\ga\__pycache__\onemax_island_scoop.cpython-311.pyc	3592	2026-02-28 10:04:00
ga_engine\deap\examples\ga\__pycache__\onemax_mp.cpython-311.pyc	3630	2026-02-28 10:04:00
ga_engine\deap\examples\ga\__pycache__\onemax_multidemic.cpython-311.pyc	5411	2026-02-28 10:04:00
ga_engine\deap\examples\ga\__pycache__\onemax_numpy.cpython-311.pyc	4116	2026-02-28 10:04:00
ga_engine\deap\examples\ga\__pycache__\onemax_short.cpython-311.pyc	3031	2026-02-28 10:04:00
ga_engine\deap\examples\ga\__pycache__\sortingnetwork.cpython-311.pyc	6265	2026-02-28 10:04:00
ga_engine\deap\examples\ga\__pycache__\tsp.cpython-311.pyc	3711	2026-02-28 10:04:00
ga_engine\deap\examples\ga\__pycache__\xkcd.cpython-311.pyc	6545	2026-02-28 10:04:00
ga_engine\deap\examples\ga\evoknn.py	2905	2026-01-30 22:57:10
ga_engine\deap\examples\ga\evoknn_jmlr.py	1929	2026-01-30 22:57:10
ga_engine\deap\examples\ga\evosn.py	4982	2026-01-30 22:57:10
ga_engine\deap\examples\ga\heart_scale.csv	24449	2026-02-26 22:55:01
ga_engine\deap\examples\ga\knapsack.py	3564	2026-01-30 22:57:10
ga_engine\deap\examples\ga\knn.py	3438	2026-01-30 22:57:10
ga_engine\deap\examples\ga\kursawefct.py	2940	2026-01-30 22:57:10
ga_engine\deap\examples\ga\mo_rhv.py	7038	2026-01-30 22:57:10
ga_engine\deap\examples\ga\nqueens.py	3343	2026-01-30 22:57:10
ga_engine\deap\examples\ga\nsga2.py	5160	2026-01-30 22:57:10
ga_engine\deap\examples\ga\nsga3.py	4200	2026-01-30 22:57:10
ga_engine\deap\examples\ga\onemax.py	5307	2026-01-30 22:57:10
ga_engine\deap\examples\ga\onemax_island.py	5253	2026-01-30 22:57:10
ga_engine\deap\examples\ga\onemax_island_scoop.py	2336	2026-01-30 22:57:10
ga_engine\deap\examples\ga\onemax_mp.py	2353	2026-01-30 22:57:10
ga_engine\deap\examples\ga\onemax_multidemic.py	3148	2026-01-30 22:57:10
ga_engine\deap\examples\ga\onemax_numpy.py	3166	2026-01-30 22:57:10
ga_engine\deap\examples\ga\onemax_short.py	2067	2026-01-30 22:57:10
ga_engine\deap\examples\ga\pareto_front\dtlz1_front.json	29000	2026-01-30 22:57:10
ga_engine\deap\examples\ga\pareto_front\dtlz2_front.json	29000	2026-01-30 22:57:10
ga_engine\deap\examples\ga\pareto_front\dtlz3_front.json	29000	2026-01-30 22:57:10
ga_engine\deap\examples\ga\pareto_front\dtlz4_front.json	29000	2026-01-30 22:57:10
ga_engine\deap\examples\ga\pareto_front\zdt1_front.json	29000	2026-01-30 22:57:10
ga_engine\deap\examples\ga\pareto_front\zdt2_front.json	29000	2026-01-30 22:57:10
ga_engine\deap\examples\ga\pareto_front\zdt3_front.json	29340	2026-01-30 22:57:10
ga_engine\deap\examples\ga\pareto_front\zdt4_front.json	29000	2026-01-30 22:57:10
ga_engine\deap\examples\ga\pareto_front\zdt6_front.json	29000	2026-01-30 22:57:10
ga_engine\deap\examples\ga\sortingnetwork.py	4361	2026-01-30 22:57:10
ga_engine\deap\examples\ga\tsp.py	2494	2026-01-30 22:57:10
ga_engine\deap\examples\ga\tsp\gr120.json	72474	2026-01-30 22:57:10
ga_engine\deap\examples\ga\tsp\gr17.json	1603	2026-01-30 22:57:10
ga_engine\deap\examples\ga\tsp\gr24.json	2965	2026-01-30 22:57:10
ga_engine\deap\examples\ga\xkcd.py	4336	2026-01-30 22:57:10
ga_engine\deap\examples\gp\__init__.py	692	2026-01-30 22:57:10
ga_engine\deap\examples\gp\__pycache__\__init__.cpython-311.pyc	149	2026-02-28 10:04:00
ga_engine\deap\examples\gp\__pycache__\adf_symbreg.cpython-311.pyc	10892	2026-02-28 10:04:00
ga_engine\deap\examples\gp\__pycache__\ant.cpython-311.pyc	11632	2026-02-28 10:04:00
ga_engine\deap\examples\gp\__pycache__\multiplexer.cpython-311.pyc	5304	2026-02-28 10:04:00
ga_engine\deap\examples\gp\__pycache__\parity.cpython-311.pyc	4835	2026-02-28 10:04:00
ga_engine\deap\examples\gp\__pycache__\spambase.cpython-311.pyc	6593	2026-02-28 10:04:00
ga_engine\deap\examples\gp\__pycache__\symbreg.cpython-311.pyc	5950	2026-02-28 10:04:00
ga_engine\deap\examples\gp\__pycache__\symbreg_epsilon_lexicase.cpython-311.pyc	5927	2026-02-28 10:04:00
ga_engine\deap\examples\gp\__pycache__\symbreg_harm.cpython-311.pyc	6068	2026-02-28 10:04:00
ga_engine\deap\examples\gp\__pycache__\symbreg_numpy.cpython-311.pyc	5599	2026-02-28 10:04:00
ga_engine\deap\examples\gp\adf_symbreg.py	6220	2026-01-30 22:57:10
ga_engine\deap\examples\gp\ant.py	6844	2026-01-30 22:57:10
ga_engine\deap\examples\gp\ant\__pycache__\buildAntSimFast.cpython-311.pyc	550	2026-02-28 10:04:00
ga_engine\deap\examples\gp\ant\AntSimulatorFast.cpp	11532	2026-01-30 22:57:10
ga_engine\deap\examples\gp\ant\AntSimulatorFast.hpp	1736	2026-01-30 22:57:10
ga_engine\deap\examples\gp\ant\buildAntSimFast.py	308	2026-01-30 22:57:10
ga_engine\deap\examples\gp\ant\santafe_trail.txt	1057	2026-01-30 22:57:10
ga_engine\deap\examples\gp\multiplexer.py	3295	2026-01-30 22:57:10
ga_engine\deap\examples\gp\parity.py	2949	2026-01-30 22:57:10
ga_engine\deap\examples\gp\spambase.csv	702942	2026-02-26 22:55:01
ga_engine\deap\examples\gp\spambase.py	4043	2026-01-30 22:57:10
ga_engine\deap\examples\gp\symbreg.py	3374	2026-01-30 22:57:10
ga_engine\deap\examples\gp\symbreg_epsilon_lexicase.py	3343	2026-01-30 22:57:10
ga_engine\deap\examples\gp\symbreg_harm.py	3371	2026-01-30 22:57:10
ga_engine\deap\examples\gp\symbreg_numpy.py	3289	2026-01-30 22:57:10
ga_engine\deap\examples\hyperparameter_tuning.ipynb	64045	2026-01-30 22:57:09
ga_engine\deap\examples\pso\__pycache__\basic.cpython-311.pyc	6291	2026-02-28 10:04:00
ga_engine\deap\examples\pso\__pycache__\basic_numpy.cpython-311.pyc	4964	2026-02-28 10:04:00
ga_engine\deap\examples\pso\__pycache__\multiswarm.cpython-311.pyc	14613	2026-02-28 10:04:00
ga_engine\deap\examples\pso\__pycache__\speciation.cpython-311.pyc	11158	2026-02-28 10:04:00
ga_engine\deap\examples\pso\basic.py	3352	2026-01-30 22:57:10
ga_engine\deap\examples\pso\basic_numpy.py	3160	2026-01-30 22:57:10
ga_engine\deap\examples\pso\multiswarm.py	9309	2026-01-30 22:57:10
ga_engine\deap\examples\pso\speciation.py	6580	2026-01-30 22:57:10
ga_engine\deap\examples\speed.txt	508	2026-01-30 22:57:09
ga_engine\deap\INSTALL.txt	668	2026-01-30 22:57:10
ga_engine\deap\LICENSE.txt	7637	2026-01-30 22:57:10
ga_engine\deap\MANIFEST.in	250	2026-01-30 22:57:10
ga_engine\deap\README.md	12357	2026-01-30 22:57:10
ga_engine\deap\README-zh_CN.md	11959	2026-01-30 22:57:10
ga_engine\deap\setup.py	3749	2026-01-30 22:57:10
ga_engine\deap\tests\__pycache__\test_algorithms.cpython-311.pyc	14168	2026-02-28 10:04:00
ga_engine\deap\tests\__pycache__\test_benchmarks.cpython-311.pyc	3935	2026-02-28 10:04:00
ga_engine\deap\tests\__pycache__\test_convergence.cpython-311.pyc	24230	2026-02-28 10:04:00
ga_engine\deap\tests\__pycache__\test_creator.cpython-311.pyc	4932	2026-02-28 10:04:00
ga_engine\deap\tests\__pycache__\test_init.cpython-311.pyc	1207	2026-02-28 10:04:00
ga_engine\deap\tests\__pycache__\test_logbook.cpython-311.pyc	3231	2026-02-28 10:04:00
ga_engine\deap\tests\__pycache__\test_multiproc.cpython-311.pyc	1754	2026-02-28 10:04:00
ga_engine\deap\tests\__pycache__\test_mutation.cpython-311.pyc	3507	2026-02-28 10:04:00
ga_engine\deap\tests\__pycache__\test_operators.cpython-311.pyc	3132	2026-02-28 10:04:00
ga_engine\deap\tests\__pycache__\test_pickle.cpython-311.pyc	13120	2026-02-28 10:04:00
ga_engine\deap\tests\__pycache__\test_statistics.cpython-311.pyc	2456	2026-02-28 10:04:00
ga_engine\deap\tests\test_algorithms.py	8745	2026-01-30 22:57:10
ga_engine\deap\tests\test_benchmarks.py	2356	2026-01-30 22:57:10
ga_engine\deap\tests\test_convergence.py	16010	2026-01-30 22:57:10
ga_engine\deap\tests\test_creator.py	2611	2026-01-30 22:57:10
ga_engine\deap\tests\test_init.py	354	2026-01-30 22:57:10
ga_engine\deap\tests\test_logbook.py	1732	2026-01-30 22:57:10
ga_engine\deap\tests\test_multiproc.py	644	2026-01-30 22:57:10
ga_engine\deap\tests\test_mutation.py	1937	2026-01-30 22:57:10
ga_engine\deap\tests\test_operators.py	1069	2026-01-30 22:57:10
ga_engine\deap\tests\test_pickle.py	7281	2026-01-30 22:57:10
ga_engine\deap\tests\test_statistics.py	957	2026-01-30 22:57:10
ga_full_runner.py	1658	2026-02-04 01:56:19
ga_run.py	6969	2026-02-21 20:18:27
ga_smoke.py	4859	2026-02-05 07:45:29
gene_pool\best_BTC_USDT.jsonl	9260	2026-02-09 15:14:24
gene_pool\best_BTCUSDT.jsonl	25698	2026-02-25 00:16:45
GeneTrader-main\.gitignore	841	2026-01-29 07:39:12
GeneTrader-main\__pycache__\get_max_fitness.cpython-311.pyc	5914	2026-02-28 10:03:58
GeneTrader-main\__pycache__\main.cpython-311.pyc	10050	2026-02-28 10:03:58
GeneTrader-main\clean.sh	180	2026-01-29 07:39:12
GeneTrader-main\config\__init__.py	0	2026-01-29 07:39:12
GeneTrader-main\config\__pycache__\__init__.cpython-311.pyc	145	2026-02-28 10:03:58
GeneTrader-main\config\__pycache__\config.cpython-311.pyc	1174	2026-02-28 10:03:58
GeneTrader-main\config\__pycache__\settings.cpython-311.pyc	9565	2026-02-28 10:03:58
GeneTrader-main\config\config.py	933	2026-01-29 07:39:12
GeneTrader-main\config\settings.py	7005	2026-01-29 07:39:12
GeneTrader-main\daily_results\20241223\gen10\__pycache__\GeneTrader_gen10_1734895087_6007.cpython-311.pyc	51733	2026-02-28 10:03:58
GeneTrader-main\daily_results\20241223\gen10\fitness_info.txt	148623	2026-01-29 07:39:12
GeneTrader-main\daily_results\20241223\gen10\GeneTrader_gen10_1734895087_6007.py	45481	2026-01-29 07:39:12
GeneTrader-main\data\__pycache__\downloader.cpython-311.pyc	3290	2026-02-28 10:03:58
GeneTrader-main\data\20250301203301.jpg	246932	2026-02-26 22:54:55
GeneTrader-main\data\delisted_coins.json	1753	2026-02-26 22:54:55
GeneTrader-main\data\downloader.py	1730	2026-02-26 22:54:55
GeneTrader-main\data\processed_announcements.json	965	2026-02-26 22:54:55
GeneTrader-main\Dockerfile	930	2026-01-29 07:39:12
GeneTrader-main\ga.json.example	1836	2026-01-29 07:39:12
GeneTrader-main\genetic_algorithm\__init__.py	0	2026-01-29 07:39:12
GeneTrader-main\genetic_algorithm\__pycache__\__init__.cpython-311.pyc	156	2026-02-28 10:03:58
GeneTrader-main\genetic_algorithm\__pycache__\individual.cpython-311.pyc	6399	2026-02-28 10:03:58
GeneTrader-main\genetic_algorithm\__pycache__\operators.cpython-311.pyc	5445	2026-02-28 10:03:58
GeneTrader-main\genetic_algorithm\__pycache__\population.cpython-311.pyc	1902	2026-02-28 10:03:58
GeneTrader-main\genetic_algorithm\individual.py	4019	2026-01-29 07:39:12
GeneTrader-main\genetic_algorithm\operators.py	3992	2026-01-29 07:39:12
GeneTrader-main\genetic_algorithm\population.py	523	2026-01-29 07:39:12
GeneTrader-main\get_max_fitness.py	4279	2026-01-29 07:39:12
GeneTrader-main\LICENSE	1059	2026-01-29 07:39:12
GeneTrader-main\main.py	7000	2026-01-29 07:39:12
GeneTrader-main\optimization\__init__.py	419	2026-01-29 07:39:12
GeneTrader-main\optimization\__pycache__\__init__.cpython-311.pyc	572	2026-02-28 10:03:58
GeneTrader-main\optimization\__pycache__\base_optimizer.cpython-311.pyc	2210	2026-02-28 10:03:58
GeneTrader-main\optimization\__pycache__\genetic_optimizer.cpython-311.pyc	8421	2026-02-28 10:03:58
GeneTrader-main\optimization\__pycache__\optuna_optimizer.cpython-311.pyc	13530	2026-02-28 10:03:58
GeneTrader-main\optimization\base_optimizer.py	1254	2026-01-29 07:39:12
GeneTrader-main\optimization\genetic_optimizer.py	5952	2026-01-29 07:39:12
GeneTrader-main\optimization\optuna_optimizer.py	9450	2026-01-29 07:39:12
GeneTrader-main\README.md	13648	2026-01-29 07:39:12
GeneTrader-main\requirements.txt	673	2026-01-29 07:39:12
GeneTrader-main\scripts\__init__.py	0	2026-01-29 07:39:12
GeneTrader-main\scripts\__pycache__\__init__.cpython-311.pyc	146	2026-02-28 10:03:58
GeneTrader-main\scripts\__pycache__\analyze_generations.cpython-311.pyc	5199	2026-02-28 10:03:58
GeneTrader-main\scripts\__pycache__\analyzer.cpython-311.pyc	3398	2026-02-28 10:03:58
GeneTrader-main\scripts\__pycache__\benchmark.cpython-311.pyc	5223	2026-02-28 10:03:58
GeneTrader-main\scripts\__pycache__\get_pairs.cpython-311.pyc	12263	2026-02-28 10:03:58
GeneTrader-main\scripts\__pycache__\monitor_delistings.cpython-311.pyc	14177	2026-02-28 10:03:58
GeneTrader-main\scripts\__pycache__\restart_freqtrade.cpython-311.pyc	2777	2026-02-28 10:03:58
GeneTrader-main\scripts\__pycache__\workflow.cpython-311.pyc	39367	2026-02-28 10:03:58
GeneTrader-main\scripts\analyze_generations.py	2378	2026-01-29 07:39:12
GeneTrader-main\scripts\analyzer.py	1981	2026-01-29 07:39:12
GeneTrader-main\scripts\benchmark.py	3205	2026-01-29 07:39:12
GeneTrader-main\scripts\get_pairs.py	7573	2026-01-29 07:39:12
GeneTrader-main\scripts\monitor_delistings.py	9679	2026-01-29 07:39:12
GeneTrader-main\scripts\restart_freqtrade.py	1690	2026-01-29 07:39:12
GeneTrader-main\scripts\showprofit.sh	338	2026-01-29 07:39:12
GeneTrader-main\scripts\workflow.py	30723	2026-01-29 07:39:12
GeneTrader-main\strategies\__pycache__\GeneStrategy.cpython-311.pyc	51205	2026-02-28 10:03:58
GeneTrader-main\strategies\GeneStrategy.py	45535	2026-01-29 07:39:12
GeneTrader-main\strategy\__init__.py	0	2026-01-29 07:39:12
GeneTrader-main\strategy\__pycache__\__init__.cpython-311.pyc	147	2026-02-28 10:03:58
GeneTrader-main\strategy\__pycache__\backtest.cpython-311.pyc	9746	2026-02-28 10:03:58
GeneTrader-main\strategy\__pycache__\evaluation.cpython-311.pyc	10644	2026-02-28 10:03:58
GeneTrader-main\strategy\__pycache__\gen_template.cpython-311.pyc	8254	2026-02-28 10:03:58
GeneTrader-main\strategy\backtest.py	6753	2026-01-29 07:39:12
GeneTrader-main\strategy\evaluation.py	7965	2026-01-29 07:39:12
GeneTrader-main\strategy\gen_template.py	6137	2026-01-29 07:39:12
GeneTrader-main\strategy\README.md	4952	2026-01-29 07:39:12
GeneTrader-main\tests\__init__.py	0	2026-01-29 07:39:12
GeneTrader-main\tests\__pycache__\__init__.cpython-311.pyc	144	2026-02-28 10:03:58
GeneTrader-main\tests\__pycache__\test.cpython-311.pyc	1693	2026-02-28 10:03:58
GeneTrader-main\tests\__pycache__\test_backtest.cpython-311.pyc	2514	2026-02-28 10:03:58
GeneTrader-main\tests\__pycache__\test_workflow.cpython-311.pyc	2299	2026-02-28 10:03:58
GeneTrader-main\tests\test.py	943	2026-01-29 07:39:12
GeneTrader-main\tests\test_backtest.py	1853	2026-01-29 07:39:12
GeneTrader-main\tests\test_workflow.py	1717	2026-01-29 07:39:12
GeneTrader-main\user_data\data\.gitkeep	0	2026-02-26 22:54:55
GeneTrader-main\user_data\example.json	5208	2026-01-29 07:39:12
GeneTrader-main\utils\__init__.py	0	2026-01-29 07:39:12
GeneTrader-main\utils\__pycache__\__init__.cpython-311.pyc	144	2026-02-28 10:03:58
GeneTrader-main\utils\__pycache__\file_operations.cpython-311.pyc	683	2026-02-28 10:03:58
GeneTrader-main\utils\__pycache__\fitness_helpers.cpython-311.pyc	4476	2026-02-28 10:03:58
GeneTrader-main\utils\__pycache__\logging_config.cpython-311.pyc	449	2026-02-28 10:03:58
GeneTrader-main\utils\file_operations.py	240	2026-01-29 07:39:12
GeneTrader-main\utils\fitness_helpers.py	3552	2026-01-29 07:39:12
GeneTrader-main\utils\logging_config.py	246	2026-01-29 07:39:12
grid_test_fast.py	4503	2026-02-03 10:47:34
grid_test_full.py	6335	2026-02-03 10:59:03
grid_test_v2.py	7672	2026-02-03 11:08:25
heartbeat_dashboard.ps1	4829	2026-01-31 15:08:23
heartbeat_dashboard.py	2371	2026-02-28 09:45:21
indicator_cache.py	3244	2026-02-28 09:45:21
metrics\quantstats\.claude\2026-modernization-plan.md	5896	2026-01-30 23:02:44
metrics\quantstats\.claude\PROJECT.md	4214	2026-01-30 23:02:44
metrics\quantstats\.deepsource.toml	131	2026-01-30 23:02:45
metrics\quantstats\.flake8	69	2026-01-30 23:02:45
metrics\quantstats\.github\dependabot.yml	243	2026-01-30 23:02:44
metrics\quantstats\.github\FUNDING.yml	775	2026-01-30 23:02:44
metrics\quantstats\.github\workflows\python-publish.yml	864	2026-01-30 23:02:44
metrics\quantstats\.github\workflows\test-compatibility.yml	5019	2026-01-30 23:02:44
metrics\quantstats\.gitignore	255	2026-01-30 23:02:45
metrics\quantstats\.travis.yml	648	2026-01-30 23:02:45
metrics\quantstats\CHANGELOG.md	17914	2026-01-30 23:02:45
metrics\quantstats\CONTRIBUTORS.txt	159	2026-01-30 23:02:45
metrics\quantstats\docs\montecarlo.md	5570	2026-01-30 23:02:44
metrics\quantstats\docs\report.webp	618980	2026-01-30 23:02:45
metrics\quantstats\docs\snapshot.webp	73666	2026-01-30 23:02:45
metrics\quantstats\docs\tearsheet.html	1399320	2026-01-30 23:02:45
metrics\quantstats\LICENSE.txt	11358	2026-01-30 23:02:45
metrics\quantstats\MANIFEST.in	154	2026-01-30 23:02:45
metrics\quantstats\pyproject.toml	3145	2026-01-30 23:02:45
metrics\quantstats\quantstats\__init__.py	9042	2026-01-30 23:02:45
metrics\quantstats\quantstats\__pycache__\__init__.cpython-311.pyc	7329	2026-02-28 10:04:00
metrics\quantstats\quantstats\__pycache__\_compat.cpython-311.pyc	15215	2026-02-28 10:04:00
metrics\quantstats\quantstats\__pycache__\_montecarlo.cpython-311.pyc	11046	2026-02-28 10:04:00
metrics\quantstats\quantstats\__pycache__\_numpy_compat.cpython-311.pyc	10048	2026-02-28 10:04:00
metrics\quantstats\quantstats\__pycache__\plots.cpython-311.pyc	418	2026-02-28 10:04:00
metrics\quantstats\quantstats\__pycache__\reports.cpython-311.pyc	91589	2026-02-28 10:04:00
metrics\quantstats\quantstats\__pycache__\stats.cpython-311.pyc	120793	2026-02-28 10:04:00
metrics\quantstats\quantstats\__pycache__\utils.cpython-311.pyc	35975	2026-02-28 10:04:00
metrics\quantstats\quantstats\__pycache__\version.cpython-311.pyc	168	2026-02-28 10:04:00
metrics\quantstats\quantstats\_compat.py	15076	2026-01-30 23:02:45
metrics\quantstats\quantstats\_montecarlo.py	9030	2026-01-30 23:02:45
metrics\quantstats\quantstats\_numpy_compat.py	9719	2026-01-30 23:02:45
metrics\quantstats\quantstats\_plotting\__init__.py	0	2026-01-30 23:02:45
metrics\quantstats\quantstats\_plotting\__pycache__\__init__.cpython-311.pyc	162	2026-02-28 10:04:00
metrics\quantstats\quantstats\_plotting\__pycache__\core.cpython-311.pyc	70953	2026-02-28 10:04:00
metrics\quantstats\quantstats\_plotting\__pycache__\wrappers.cpython-311.pyc	69764	2026-02-28 10:04:00
metrics\quantstats\quantstats\_plotting\core.py	59487	2026-01-30 23:02:45
metrics\quantstats\quantstats\_plotting\wrappers.py	70299	2026-01-30 23:02:45
metrics\quantstats\quantstats\plots.py	857	2026-01-30 23:02:45
metrics\quantstats\quantstats\py.typed	0	2026-01-30 23:02:45
metrics\quantstats\quantstats\report.html	3939	2026-01-30 23:02:45
metrics\quantstats\quantstats\reports.py	88834	2026-01-30 23:02:45
metrics\quantstats\quantstats\stats.py	114246	2026-01-30 23:02:45
metrics\quantstats\quantstats\utils.py	29449	2026-01-30 23:02:45
metrics\quantstats\quantstats\version.py	19	2026-01-30 23:02:45
metrics\quantstats\README.md	8156	2026-01-30 23:02:45
metrics\quantstats\requirements.txt	255	2026-01-30 23:02:45
metrics\quantstats\setup.cfg	252	2026-01-30 23:02:45
metrics\quantstats\tests\__init__.py	24	2026-01-30 23:02:45
metrics\quantstats\tests\__pycache__\__init__.cpython-311.pyc	147	2026-02-28 10:04:00
metrics\quantstats\tests\__pycache__\test_compat.cpython-311.pyc	8419	2026-02-28 10:04:00
metrics\quantstats\tests\__pycache__\test_extend_pandas.cpython-311.pyc	5618	2026-02-28 10:04:00
metrics\quantstats\tests\__pycache__\test_montecarlo.cpython-311.pyc	12455	2026-02-28 10:04:01
metrics\quantstats\tests\__pycache__\test_plots.cpython-311.pyc	9684	2026-02-28 10:04:01
metrics\quantstats\tests\__pycache__\test_reports.cpython-311.pyc	18099	2026-02-28 10:04:01
metrics\quantstats\tests\__pycache__\test_stats.cpython-311.pyc	17808	2026-02-28 10:04:01
metrics\quantstats\tests\__pycache__\test_utils.cpython-311.pyc	13535	2026-02-28 10:04:01
metrics\quantstats\tests\test_compat.py	4212	2026-01-30 23:02:45
metrics\quantstats\tests\test_extend_pandas.py	2978	2026-01-30 23:02:45
metrics\quantstats\tests\test_montecarlo.py	7212	2026-01-30 23:02:45
metrics\quantstats\tests\test_plots.py	5352	2026-01-30 23:02:45
metrics\quantstats\tests\test_reports.py	9622	2026-01-30 23:02:45
metrics\quantstats\tests\test_stats.py	9969	2026-01-30 23:02:45
metrics\quantstats\tests\test_utils.py	6218	2026-01-30 23:02:45
ohlcv_find_20260203_071251.txt	235	2026-02-03 07:12:55
ohlcv_find_20260203_072011.txt	248	2026-02-03 07:20:15
ohlcv_sniff_run_20260203_072247.txt	171	2026-02-03 07:22:47
ohlcv_sniff3_run_20260203_073229.json	0	2026-02-03 07:32:29
ops\__pycache__\parquet_to_csv_20260225_231116.cpython-311.pyc	2793	2026-02-28 10:04:01
ops\__pycache__\patch_pairs_20260225_230556.cpython-311.pyc	2723	2026-02-28 10:04:01
ops\__pycache__\pyramid_store.cpython-311.pyc	4966	2026-02-28 10:04:01
ops\audit_20260228_100819.zip	427	2026-02-28 10:08:21
ops\audit_20260228_100819\MIRROR_AUDIT_REPORT.txt	358	2026-02-28 10:08:21
ops\doctor.ps1	2542	2026-02-11 23:18:56
ops\final_audit.ps1	7320	2026-02-11 23:50:53
ops\gc_results.ps1	2375	2026-02-11 23:30:13
ops\one_click_run_audit.ps1	8850	2026-02-11 23:47:11
ops\parquet_to_csv_20260225_231116.py	1023	2026-02-25 23:11:16
ops\patch_pairs_20260225_230556.py	1561	2026-02-25 23:05:56
ops\patch_pairs_FIXED_20260225_230650.py	1554	2026-02-25 23:06:50
ops\pyramid_store.py	2628	2026-02-28 10:03:37
ops\registry.ps1	3824	2026-02-11 23:24:18
ops\run_factory.ps1	1311	2026-02-11 23:18:56
ops\tail_progress.ps1	646	2026-02-11 23:30:13
ops\vault_topk.ps1	3164	2026-02-11 23:30:13
ops\vendor.lock.json	329	2026-02-28 09:59:31
ops\watchdog_factory.ps1	971	2026-02-11 23:24:18
pairs_detected.txt	44	2026-02-07 19:09:09
README.md	517	2026-02-26 22:54:55
requirements.frankenstein.txt	97	2026-02-28 09:54:58
runner_bridge.py	13	2026-02-09 22:10:01
runner_ga.py	99	2026-02-04 02:14:11
status_before.txt	58	2026-02-02 15:21:19
stderr_before.txt	411	2026-02-02 15:21:19
strategies\strategy_1_atr_st_cci\__pycache__\entry.cpython-311.pyc	1609	2026-02-28 10:04:01
strategies\strategy_1_atr_st_cci\config.json	103	2026-02-05 07:25:34
strategies\strategy_1_atr_st_cci\entry.py	717	2026-02-05 07:25:34
strategy_templates\freqtrade_examples\.github\ISSUE_TEMPLATE\config.yml	185	2026-01-30 23:01:14
strategy_templates\freqtrade_examples\.github\ISSUE_TEMPLATE\issues.md	1168	2026-01-30 23:01:14
strategy_templates\freqtrade_examples\.github\ISSUE_TEMPLATE\strategy_request.md	771	2026-01-30 23:01:14
strategy_templates\freqtrade_examples\.github\PULL_REQUEST_TEMPLATE.md	191	2026-01-30 23:01:14
strategy_templates\freqtrade_examples\.gitignore	910	2026-01-30 23:01:14
strategy_templates\freqtrade_examples\LICENSE	35147	2026-01-30 23:01:14
strategy_templates\freqtrade_examples\README.md	5679	2026-01-30 23:01:14
strategy_templates\freqtrade_examples\user_data\hyperopts\__pycache__\GodStraHo.cpython-311.pyc	10605	2026-02-28 10:04:01
strategy_templates\freqtrade_examples\user_data\hyperopts\GodStraHo.py	8394	2026-01-30 23:01:14
strategy_templates\freqtrade_examples\user_data\strategies\__pycache__\Bandtastic.cpython-311.pyc	9166	2026-02-28 10:04:01
strategy_templates\freqtrade_examples\user_data\strategies\__pycache__\BreakEven.cpython-311.pyc	2415	2026-02-28 10:04:01
strategy_templates\freqtrade_examples\user_data\strategies\__pycache__\CustomStoplossWithPSAR.cpython-311.pyc	4135	2026-02-28 10:04:01
strategy_templates\freqtrade_examples\user_data\strategies\__pycache__\Diamond.cpython-311.pyc	4340	2026-02-28 10:04:01
strategy_templates\freqtrade_examples\user_data\strategies\__pycache__\FixedRiskRewardLoss.cpython-311.pyc	5142	2026-02-28 10:04:01
strategy_templates\freqtrade_examples\user_data\strategies\__pycache__\GodStra.cpython-311.pyc	8359	2026-02-28 10:04:01
strategy_templates\freqtrade_examples\user_data\strategies\__pycache__\Heracles.cpython-311.pyc	4029	2026-02-28 10:04:01
strategy_templates\freqtrade_examples\user_data\strategies\__pycache__\hlhb.cpython-311.pyc	4048	2026-02-28 10:04:01
strategy_templates\freqtrade_examples\user_data\strategies\__pycache__\HourBasedStrategy.cpython-311.pyc	2494	2026-02-28 10:04:01
strategy_templates\freqtrade_examples\user_data\strategies\__pycache__\InformativeSample.cpython-311.pyc	5133	2026-02-28 10:04:01
strategy_templates\freqtrade_examples\user_data\strategies\__pycache__\mabStra.cpython-311.pyc	4616	2026-02-28 10:04:01
strategy_templates\freqtrade_examples\user_data\strategies\__pycache__\multi_tf.cpython-311.pyc	5516	2026-02-28 10:04:01
strategy_templates\freqtrade_examples\user_data\strategies\__pycache__\MultiMa.cpython-311.pyc	4480	2026-02-28 10:04:01
strategy_templates\freqtrade_examples\user_data\strategies\__pycache__\PatternRecognition.cpython-311.pyc	3134	2026-02-28 10:04:01
strategy_templates\freqtrade_examples\user_data\strategies\__pycache__\PowerTower.cpython-311.pyc	3881	2026-02-28 10:04:01
strategy_templates\freqtrade_examples\user_data\strategies\__pycache__\Strategy001.cpython-311.pyc	4773	2026-02-28 10:04:01
strategy_templates\freqtrade_examples\user_data\strategies\__pycache__\Strategy001_custom_exit.cpython-311.pyc	5866	2026-02-28 10:04:01
strategy_templates\freqtrade_examples\user_data\strategies\__pycache__\Strategy002.cpython-311.pyc	5061	2026-02-28 10:04:01
strategy_templates\freqtrade_examples\user_data\strategies\__pycache__\Strategy003.cpython-311.pyc	5944	2026-02-28 10:04:01
strategy_templates\freqtrade_examples\user_data\strategies\__pycache__\Strategy004.cpython-311.pyc	5926	2026-02-28 10:04:01
strategy_templates\freqtrade_examples\user_data\strategies\__pycache__\Strategy005.cpython-311.pyc	7456	2026-02-28 10:04:01
strategy_templates\freqtrade_examples\user_data\strategies\__pycache__\Supertrend.cpython-311.pyc	10134	2026-02-28 10:04:01
strategy_templates\freqtrade_examples\user_data\strategies\__pycache__\SwingHighToSky.cpython-311.pyc	4525	2026-02-28 10:04:01
strategy_templates\freqtrade_examples\user_data\strategies\__pycache__\UniversalMACD.cpython-311.pyc	3410	2026-02-28 10:04:01
strategy_templates\freqtrade_examples\user_data\strategies\Bandtastic.py	7310	2026-01-30 23:01:14
strategy_templates\freqtrade_examples\user_data\strategies\berlinguyinca\__pycache__\ADXMomentum.cpython-311.pyc	2737	2026-02-28 10:04:01
strategy_templates\freqtrade_examples\user_data\strategies\berlinguyinca\__pycache__\AdxSmas.cpython-311.pyc	2490	2026-02-28 10:04:01
strategy_templates\freqtrade_examples\user_data\strategies\berlinguyinca\__pycache__\ASDTSRockwellTrading.cpython-311.pyc	3277	2026-02-28 10:04:01
strategy_templates\freqtrade_examples\user_data\strategies\berlinguyinca\__pycache__\AverageStrategy.cpython-311.pyc	3559	2026-02-28 10:04:01
strategy_templates\freqtrade_examples\user_data\strategies\berlinguyinca\__pycache__\AwesomeMacd.cpython-311.pyc	2693	2026-02-28 10:04:01
strategy_templates\freqtrade_examples\user_data\strategies\berlinguyinca\__pycache__\BbandRsi.cpython-311.pyc	2532	2026-02-28 10:04:01
strategy_templates\freqtrade_examples\user_data\strategies\berlinguyinca\__pycache__\BinHV27.cpython-311.pyc	9379	2026-02-28 10:04:01
strategy_templates\freqtrade_examples\user_data\strategies\berlinguyinca\__pycache__\BinHV45.cpython-311.pyc	4474	2026-02-28 10:04:01
strategy_templates\freqtrade_examples\user_data\strategies\berlinguyinca\__pycache__\CCIStrategy.cpython-311.pyc	6237	2026-02-28 10:04:01
strategy_templates\freqtrade_examples\user_data\strategies\berlinguyinca\__pycache__\ClucMay72018.cpython-311.pyc	4087	2026-02-28 10:04:01
strategy_templates\freqtrade_examples\user_data\strategies\berlinguyinca\__pycache__\CMCWinner.cpython-311.pyc	3884	2026-02-28 10:04:01
strategy_templates\freqtrade_examples\user_data\strategies\berlinguyinca\__pycache__\CofiBitStrategy.cpython-311.pyc	3937	2026-02-28 10:04:01
strategy_templates\freqtrade_examples\user_data\strategies\berlinguyinca\__pycache__\CombinedBinHAndCluc.cpython-311.pyc	4864	2026-02-28 10:04:01
strategy_templates\freqtrade_examples\user_data\strategies\berlinguyinca\__pycache__\DoesNothingStrategy.cpython-311.pyc	1662	2026-02-28 10:04:01
strategy_templates\freqtrade_examples\user_data\strategies\berlinguyinca\__pycache__\EMASkipPump.cpython-311.pyc	4397	2026-02-28 10:04:01
strategy_templates\freqtrade_examples\user_data\strategies\berlinguyinca\__pycache__\Freqtrade_backtest_validation_freqtrade1.cpython-311.pyc	2247	2026-02-28 10:04:01
strategy_templates\freqtrade_examples\user_data\strategies\berlinguyinca\__pycache__\Low_BB.cpython-311.pyc	3557	2026-02-28 10:04:01
strategy_templates\freqtrade_examples\user_data\strategies\berlinguyinca\__pycache__\MACDStrategy.cpython-311.pyc	3633	2026-02-28 10:04:01
strategy_templates\freqtrade_examples\user_data\strategies\berlinguyinca\__pycache__\MACDStrategy_crossed.cpython-311.pyc	3161	2026-02-28 10:04:01
strategy_templates\freqtrade_examples\user_data\strategies\berlinguyinca\__pycache__\MultiRSI.cpython-311.pyc	3608	2026-02-28 10:04:01
strategy_templates\freqtrade_examples\user_data\strategies\berlinguyinca\__pycache__\Quickie.cpython-311.pyc	3595	2026-02-28 10:04:01
strategy_templates\freqtrade_examples\user_data\strategies\berlinguyinca\__pycache__\ReinforcedAverageStrategy.cpython-311.pyc	4367	2026-02-28 10:04:01
strategy_templates\freqtrade_examples\user_data\strategies\berlinguyinca\__pycache__\ReinforcedQuickie.cpython-311.pyc	10246	2026-02-28 10:04:01
strategy_templates\freqtrade_examples\user_data\strategies\berlinguyinca\__pycache__\ReinforcedSmoothScalp.cpython-311.pyc	7950	2026-02-28 10:04:01
strategy_templates\freqtrade_examples\user_data\strategies\berlinguyinca\__pycache__\Scalp.cpython-311.pyc	3662	2026-02-28 10:04:01
strategy_templates\freqtrade_examples\user_data\strategies\berlinguyinca\__pycache__\Simple.cpython-311.pyc	3173	2026-02-28 10:04:01
strategy_templates\freqtrade_examples\user_data\strategies\berlinguyinca\__pycache__\SmoothOperator.cpython-311.pyc	15234	2026-02-28 10:04:01
strategy_templates\freqtrade_examples\user_data\strategies\berlinguyinca\__pycache__\SmoothScalp.cpython-311.pyc	4588	2026-02-28 10:04:01
strategy_templates\freqtrade_examples\user_data\strategies\berlinguyinca\__pycache__\TDSequentialStrategy.cpython-311.pyc	7380	2026-02-28 10:04:01
strategy_templates\freqtrade_examples\user_data\strategies\berlinguyinca\__pycache__\TechnicalExampleStrategy.cpython-311.pyc	1823	2026-02-28 10:04:01
strategy_templates\freqtrade_examples\user_data\strategies\berlinguyinca\ADXMomentum.py	2137	2026-01-30 23:01:14
strategy_templates\freqtrade_examples\user_data\strategies\berlinguyinca\AdxSmas.py	1784	2026-01-30 23:01:14
strategy_templates\freqtrade_examples\user_data\strategies\berlinguyinca\ASDTSRockwellTrading.py	2575	2026-01-30 23:01:14
strategy_templates\freqtrade_examples\user_data\strategies\berlinguyinca\AverageStrategy.py	2630	2026-01-30 23:01:14
strategy_templates\freqtrade_examples\user_data\strategies\berlinguyinca\AwesomeMacd.py	1935	2026-01-30 23:01:14
strategy_templates\freqtrade_examples\user_data\strategies\berlinguyinca\BbandRsi.py	1854	2026-01-30 23:01:14
strategy_templates\freqtrade_examples\user_data\strategies\berlinguyinca\BinHV27.py	5879	2026-01-30 23:01:14
strategy_templates\freqtrade_examples\user_data\strategies\berlinguyinca\BinHV45.py	2641	2026-01-30 23:01:14
strategy_templates\freqtrade_examples\user_data\strategies\berlinguyinca\CCIStrategy.py	4459	2026-01-30 23:01:14
strategy_templates\freqtrade_examples\user_data\strategies\berlinguyinca\ClucMay72018.py	2893	2026-01-30 23:01:14
strategy_templates\freqtrade_examples\user_data\strategies\berlinguyinca\CMCWinner.py	3163	2026-01-30 23:01:14
strategy_templates\freqtrade_examples\user_data\strategies\berlinguyinca\CofiBitStrategy.py	3058	2026-01-30 23:01:14
strategy_templates\freqtrade_examples\user_data\strategies\berlinguyinca\CombinedBinHAndCluc.py	3265	2026-01-30 23:01:14
strategy_templates\freqtrade_examples\user_data\strategies\berlinguyinca\DoesNothingStrategy.py	1183	2026-01-30 23:01:14
strategy_templates\freqtrade_examples\user_data\strategies\berlinguyinca\EMASkipPump.py	3020	2026-01-30 23:01:14
strategy_templates\freqtrade_examples\user_data\strategies\berlinguyinca\Freqtrade_backtest_validation_freqtrade1.py	1646	2026-01-30 23:01:14
strategy_templates\freqtrade_examples\user_data\strategies\berlinguyinca\Low_BB.py	3642	2026-01-30 23:01:14
strategy_templates\freqtrade_examples\user_data\strategies\berlinguyinca\MACDStrategy.py	3052	2026-01-30 23:01:14
strategy_templates\freqtrade_examples\user_data\strategies\berlinguyinca\MACDStrategy_crossed.py	2335	2026-01-30 23:01:14
strategy_templates\freqtrade_examples\user_data\strategies\berlinguyinca\MultiRSI.py	2343	2026-01-30 23:01:14
strategy_templates\freqtrade_examples\user_data\strategies\berlinguyinca\Quickie.py	2647	2026-01-30 23:01:14
strategy_templates\freqtrade_examples\user_data\strategies\berlinguyinca\ReinforcedAverageStrategy.py	3502	2026-01-30 23:01:14
strategy_templates\freqtrade_examples\user_data\strategies\berlinguyinca\ReinforcedQuickie.py	8264	2026-01-30 23:01:14
strategy_templates\freqtrade_examples\user_data\strategies\berlinguyinca\ReinforcedSmoothScalp.py	5903	2026-01-30 23:01:14
strategy_templates\freqtrade_examples\user_data\strategies\berlinguyinca\Scalp.py	2847	2026-01-30 23:01:14
strategy_templates\freqtrade_examples\user_data\strategies\berlinguyinca\Simple.py	2695	2026-01-30 23:01:14
strategy_templates\freqtrade_examples\user_data\strategies\berlinguyinca\SmoothOperator.py	13297	2026-01-30 23:01:14
strategy_templates\freqtrade_examples\user_data\strategies\berlinguyinca\SmoothScalp.py	3861	2026-01-30 23:01:14
strategy_templates\freqtrade_examples\user_data\strategies\berlinguyinca\TDSequentialStrategy.py	6715	2026-01-30 23:01:14
strategy_templates\freqtrade_examples\user_data\strategies\berlinguyinca\TechnicalExampleStrategy.py	1069	2026-01-30 23:01:14
strategy_templates\freqtrade_examples\user_data\strategies\BreakEven.py	2249	2026-01-30 23:01:14
strategy_templates\freqtrade_examples\user_data\strategies\CustomStoplossWithPSAR.py	3800	2026-01-30 23:01:14
strategy_templates\freqtrade_examples\user_data\strategies\Diamond.py	9411	2026-01-30 23:01:14
strategy_templates\freqtrade_examples\user_data\strategies\FixedRiskRewardLoss.py	4925	2026-01-30 23:01:14
strategy_templates\freqtrade_examples\user_data\strategies\futures\__pycache__\FAdxSmaStrategy.cpython-311.pyc	5282	2026-02-28 10:04:01
strategy_templates\freqtrade_examples\user_data\strategies\futures\__pycache__\FOttStrategy.cpython-311.pyc	8656	2026-02-28 10:04:01
strategy_templates\freqtrade_examples\user_data\strategies\futures\__pycache__\FReinforcedStrategy.cpython-311.pyc	6177	2026-02-28 10:04:01
strategy_templates\freqtrade_examples\user_data\strategies\futures\__pycache__\FSampleStrategy.cpython-311.pyc	5115	2026-02-28 10:04:01
strategy_templates\freqtrade_examples\user_data\strategies\futures\__pycache__\FSupertrendStrategy.cpython-311.pyc	11140	2026-02-28 10:04:01
strategy_templates\freqtrade_examples\user_data\strategies\futures\__pycache__\TrendFollowingStrategy.cpython-311.pyc	3743	2026-02-28 10:04:01
strategy_templates\freqtrade_examples\user_data\strategies\futures\__pycache__\VolatilitySystem.cpython-311.pyc	7290	2026-02-28 10:04:01
strategy_templates\freqtrade_examples\user_data\strategies\futures\FAdxSmaStrategy.py	4091	2026-01-30 23:01:14
strategy_templates\freqtrade_examples\user_data\strategies\futures\FOttStrategy.py	5701	2026-01-30 23:01:14
strategy_templates\freqtrade_examples\user_data\strategies\futures\FReinforcedStrategy.py	4780	2026-01-30 23:01:14
strategy_templates\freqtrade_examples\user_data\strategies\futures\FSampleStrategy.py	5413	2026-01-30 23:01:14
strategy_templates\freqtrade_examples\user_data\strategies\futures\FSupertrendStrategy.py	9193	2026-01-30 23:01:14
strategy_templates\freqtrade_examples\user_data\strategies\futures\Readme.md	3906	2026-01-30 23:01:14
strategy_templates\freqtrade_examples\user_data\strategies\futures\TrendFollowingStrategy.py	2441	2026-01-30 23:01:14
strategy_templates\freqtrade_examples\user_data\strategies\futures\VolatilitySystem.py	6432	2026-01-30 23:01:14
strategy_templates\freqtrade_examples\user_data\strategies\GodStra.py	6802	2026-01-30 23:01:14
strategy_templates\freqtrade_examples\user_data\strategies\Heracles.py	3867	2026-01-30 23:01:14
strategy_templates\freqtrade_examples\user_data\strategies\hlhb.py	3821	2026-01-30 23:01:14
strategy_templates\freqtrade_examples\user_data\strategies\HourBasedStrategy.py	4270	2026-01-30 23:01:14
strategy_templates\freqtrade_examples\user_data\strategies\InformativeSample.py	4773	2026-01-30 23:01:14
strategy_templates\freqtrade_examples\user_data\strategies\lookahead_bias\__pycache__\DevilStra.cpython-311.pyc	18644	2026-02-28 10:04:01
strategy_templates\freqtrade_examples\user_data\strategies\lookahead_bias\__pycache__\GodStraNew.cpython-311.pyc	16820	2026-02-28 10:04:01
strategy_templates\freqtrade_examples\user_data\strategies\lookahead_bias\__pycache__\wtc.cpython-311.pyc	5828	2026-02-28 10:04:01
strategy_templates\freqtrade_examples\user_data\strategies\lookahead_bias\__pycache__\Zeus.cpython-311.pyc	5198	2026-02-28 10:04:01
strategy_templates\freqtrade_examples\user_data\strategies\lookahead_bias\DevilStra.py	27334	2026-01-30 23:01:14
strategy_templates\freqtrade_examples\user_data\strategies\lookahead_bias\GodStraNew.py	25708	2026-01-30 23:01:14
strategy_templates\freqtrade_examples\user_data\strategies\lookahead_bias\readme.md	953	2026-01-30 23:01:14
strategy_templates\freqtrade_examples\user_data\strategies\lookahead_bias\wtc.py	5856	2026-01-30 23:01:14
strategy_templates\freqtrade_examples\user_data\strategies\lookahead_bias\Zeus.py	4376	2026-01-30 23:01:14
strategy_templates\freqtrade_examples\user_data\strategies\mabStra.py	4044	2026-01-30 23:01:14
strategy_templates\freqtrade_examples\user_data\strategies\multi_tf.py	5345	2026-01-30 23:01:14
strategy_templates\freqtrade_examples\user_data\strategies\MultiMa.py	3464	2026-01-30 23:01:14
strategy_templates\freqtrade_examples\user_data\strategies\PatternRecognition.py	2779	2026-02-24 21:26:02
strategy_templates\freqtrade_examples\user_data\strategies\PowerTower.py	4317	2026-01-30 23:01:14
strategy_templates\freqtrade_examples\user_data\strategies\Strategy001.py	4103	2026-01-30 23:01:14
strategy_templates\freqtrade_examples\user_data\strategies\Strategy001_custom_exit.py	4931	2026-01-30 23:01:14
strategy_templates\freqtrade_examples\user_data\strategies\Strategy002.py	4363	2026-01-30 23:01:14
strategy_templates\freqtrade_examples\user_data\strategies\Strategy003.py	5110	2026-01-30 23:01:14
strategy_templates\freqtrade_examples\user_data\strategies\Strategy004.py	5472	2026-01-30 23:01:14
strategy_templates\freqtrade_examples\user_data\strategies\Strategy005.py	6667	2026-01-30 23:01:14
strategy_templates\freqtrade_examples\user_data\strategies\Supertrend.py	7888	2026-01-30 23:01:14
strategy_templates\freqtrade_examples\user_data\strategies\SwingHighToSky.py	3267	2026-01-30 23:01:14
strategy_templates\freqtrade_examples\user_data\strategies\UniversalMACD.py	4558	2026-01-30 23:01:14
sweep_tp_sl.py	3251	2026-02-03 11:27:25
test_runner.py	396	2026-02-01 00:03:47
tools\fr_autosync.ps1	5815	2026-02-27 23:26:13
tools\fr_autosync_start.ps1	483	2026-02-27 23:51:23
tools\fr_index_results.ps1	6317	2026-02-07 19:46:45
tools\fr_iron_keepalive.ps1	920	2026-02-28 01:24:44
tools\fr_iron_tick.ps1	3811	2026-02-28 01:24:44
tools\fr_keepalive.ps1	533	2026-02-27 23:55:42
tools\fr_monitor_top3.ps1	1796	2026-02-07 19:46:45
tools\fr_sync.ps1	4695	2026-02-27 00:45:54
tools\fr_sync_tick.ps1	1751	2026-02-27 23:55:42
tools\franken_env.ps1	377	2026-02-07 21:11:25
tools\FRANKEN_RUN_BLOCK3.ps1	4743	2026-02-07 21:11:25
tools\franken_runner.ps1	3574	2026-02-07 20:48:40
tools\monitor_ga.ps1	2887	2026-01-31 22:07:42
tools\monitor_ga_fixed.ps1	2653	2026-01-31 21:16:32
tools\py_compile_err_20260207_211719.txt	0	2026-02-07 21:17:19
tools\py_compile_err_20260208_091339.txt	0	2026-02-08 09:13:39
vendor\pyindicators\pyindicators\__init__.py	8306	2026-02-27 08:27:02
vendor\pyindicators\pyindicators\__pycache__\__init__.cpython-311.pyc	7959	2026-02-28 10:04:01
vendor\pyindicators\pyindicators\__pycache__\date_range.cpython-311.pyc	2757	2026-02-28 10:04:01
vendor\pyindicators\pyindicators\__pycache__\exceptions.cpython-311.pyc	464	2026-02-28 10:04:01
vendor\pyindicators\pyindicators\date_range.py	1441	2026-02-27 08:27:02
vendor\pyindicators\pyindicators\exceptions.py	100	2026-02-27 08:27:02
vendor\pyindicators\pyindicators\indicators\__init__.py	9656	2026-02-27 08:27:02
vendor\pyindicators\pyindicators\indicators\__pycache__\__init__.cpython-311.pyc	8546	2026-02-28 10:04:01
vendor\pyindicators\pyindicators\indicators\__pycache__\accumulation_distribution_zones.cpython-311.pyc	19045	2026-02-28 10:04:01
vendor\pyindicators\pyindicators\indicators\__pycache__\adx.cpython-311.pyc	7116	2026-02-28 10:04:01
vendor\pyindicators\pyindicators\indicators\__pycache__\average_true_range.cpython-311.pyc	3573	2026-02-28 10:04:01
vendor\pyindicators\pyindicators\indicators\__pycache__\bollinger_bands.cpython-311.pyc	7307	2026-02-28 10:04:01
vendor\pyindicators\pyindicators\indicators\__pycache__\breaker_blocks.cpython-311.pyc	21186	2026-02-28 10:04:01
vendor\pyindicators\pyindicators\indicators\__pycache__\buyside_sellside_liquidity.cpython-311.pyc	22512	2026-02-28 10:04:01
vendor\pyindicators\pyindicators\indicators\__pycache__\commodity_channel_index.cpython-311.pyc	2689	2026-02-28 10:04:01
vendor\pyindicators\pyindicators\indicators\__pycache__\crossover.cpython-311.pyc	5588	2026-02-28 10:04:01
vendor\pyindicators\pyindicators\indicators\__pycache__\crossunder.cpython-311.pyc	4100	2026-02-28 10:04:01
vendor\pyindicators\pyindicators\indicators\__pycache__\divergence.cpython-311.pyc	33808	2026-02-28 10:04:01
vendor\pyindicators\pyindicators\indicators\__pycache__\ema_trend_ribbon.cpython-311.pyc	8242	2026-02-28 10:04:01
vendor\pyindicators\pyindicators\indicators\__pycache__\equal_highs_lows.cpython-311.pyc	16884	2026-02-28 10:04:01
vendor\pyindicators\pyindicators\indicators\__pycache__\exponential_moving_average.cpython-311.pyc	2604	2026-02-28 10:04:01
vendor\pyindicators\pyindicators\indicators\__pycache__\fair_value_gap.cpython-311.pyc	16403	2026-02-28 10:04:01
vendor\pyindicators\pyindicators\indicators\__pycache__\fibonacci_retracement.cpython-311.pyc	9456	2026-02-28 10:04:01
vendor\pyindicators\pyindicators\indicators\__pycache__\golden_zone.cpython-311.pyc	8024	2026-02-28 10:04:01
vendor\pyindicators\pyindicators\indicators\__pycache__\internal_external_liquidity_zones.cpython-311.pyc	33459	2026-02-28 10:04:01
vendor\pyindicators\pyindicators\indicators\__pycache__\is_down_trend.cpython-311.pyc	2086	2026-02-28 10:04:01
vendor\pyindicators\pyindicators\indicators\__pycache__\is_up_trend.cpython-311.pyc	2081	2026-02-28 10:04:01
vendor\pyindicators\pyindicators\indicators\__pycache__\liquidity_levels_voids.cpython-311.pyc	16838	2026-02-28 10:04:01
vendor\pyindicators\pyindicators\indicators\__pycache__\liquidity_pools.cpython-311.pyc	21348	2026-02-28 10:04:01
vendor\pyindicators\pyindicators\indicators\__pycache__\liquidity_sweeps.cpython-311.pyc	16055	2026-02-28 10:04:01
vendor\pyindicators\pyindicators\indicators\__pycache__\macd.cpython-311.pyc	4025	2026-02-28 10:04:01
vendor\pyindicators\pyindicators\indicators\__pycache__\market_structure.cpython-311.pyc	49324	2026-02-28 10:04:01
vendor\pyindicators\pyindicators\indicators\__pycache__\mitigation_blocks.cpython-311.pyc	19403	2026-02-28 10:04:01
vendor\pyindicators\pyindicators\indicators\__pycache__\momentum_confluence.cpython-311.pyc	26982	2026-02-28 10:04:01
vendor\pyindicators\pyindicators\indicators\__pycache__\momentum_cycle_sentry.cpython-311.pyc	18025	2026-02-28 10:04:01
vendor\pyindicators\pyindicators\indicators\__pycache__\moving_average_envelope.cpython-311.pyc	6543	2026-02-28 10:04:01
vendor\pyindicators\pyindicators\indicators\__pycache__\nadaraya_watson_envelope.cpython-311.pyc	6123	2026-02-28 10:04:01
vendor\pyindicators\pyindicators\indicators\__pycache__\opening_gap.cpython-311.pyc	10071	2026-02-28 10:04:01
vendor\pyindicators\pyindicators\indicators\__pycache__\optimal_trade_entry.cpython-311.pyc	22157	2026-02-28 10:04:01
vendor\pyindicators\pyindicators\indicators\__pycache__\order_blocks.cpython-311.pyc	18788	2026-02-28 10:04:01
vendor\pyindicators\pyindicators\indicators\__pycache__\premium_discount_zones.cpython-311.pyc	16098	2026-02-28 10:04:01
vendor\pyindicators\pyindicators\indicators\__pycache__\pulse_mean_accelerator.cpython-311.pyc	22375	2026-02-28 10:04:01
vendor\pyindicators\pyindicators\indicators\__pycache__\pure_price_action_liquidity_sweeps.cpython-311.pyc	14631	2026-02-28 10:04:01
vendor\pyindicators\pyindicators\indicators\__pycache__\range_intelligence.cpython-311.pyc	27988	2026-02-28 10:04:01
vendor\pyindicators\pyindicators\indicators\__pycache__\rate_of_change.cpython-311.pyc	1784	2026-02-28 10:04:01
vendor\pyindicators\pyindicators\indicators\__pycache__\rejection_blocks.cpython-311.pyc	16173	2026-02-28 10:04:01
vendor\pyindicators\pyindicators\indicators\__pycache__\rsi.cpython-311.pyc	6668	2026-02-28 10:04:01
vendor\pyindicators\pyindicators\indicators\__pycache__\simple_moving_average.cpython-311.pyc	2133	2026-02-28 10:04:01
vendor\pyindicators\pyindicators\indicators\__pycache__\stochastic_oscillator.cpython-311.pyc	4165	2026-02-28 10:04:01
vendor\pyindicators\pyindicators\indicators\__pycache__\strong_weak_high_low.cpython-311.pyc	16441	2026-02-28 10:04:01
vendor\pyindicators\pyindicators\indicators\__pycache__\supertrend.cpython-311.pyc	22380	2026-02-28 10:04:01
vendor\pyindicators\pyindicators\indicators\__pycache__\swing_structure.cpython-311.pyc	16026	2026-02-28 10:04:01
vendor\pyindicators\pyindicators\indicators\__pycache__\trendline_breakout_navigator.cpython-311.pyc	26282	2026-02-28 10:04:01
vendor\pyindicators\pyindicators\indicators\__pycache__\up_and_down_trends.cpython-311.pyc	3793	2026-02-28 10:04:01
vendor\pyindicators\pyindicators\indicators\__pycache__\utils.cpython-311.pyc	19461	2026-02-28 10:04:01
vendor\pyindicators\pyindicators\indicators\__pycache__\volume_gated_trend_ribbon.cpython-311.pyc	20751	2026-02-28 10:04:01
vendor\pyindicators\pyindicators\indicators\__pycache__\volume_imbalance.cpython-311.pyc	11711	2026-02-28 10:04:01
vendor\pyindicators\pyindicators\indicators\__pycache__\volume_weighted_trend.cpython-311.pyc	9512	2026-02-28 10:04:01
vendor\pyindicators\pyindicators\indicators\__pycache__\volumetric_supply_demand_zones.cpython-311.pyc	33049	2026-02-28 10:04:01
vendor\pyindicators\pyindicators\indicators\__pycache__\weighted_moving_average.cpython-311.pyc	3185	2026-02-28 10:04:01
vendor\pyindicators\pyindicators\indicators\__pycache__\williams_percent_range.cpython-311.pyc	3883	2026-02-28 10:04:01
vendor\pyindicators\pyindicators\indicators\__pycache__\z_score_predictive_zones.cpython-311.pyc	21640	2026-02-28 10:04:01
vendor\pyindicators\pyindicators\indicators\__pycache__\zero_lag_ema_envelope.cpython-311.pyc	9744	2026-02-28 10:04:01
vendor\pyindicators\pyindicators\indicators\accumulation_distribution_zones.py	17691	2026-02-27 08:27:02
vendor\pyindicators\pyindicators\indicators\adx.py	5893	2026-02-27 08:27:02
vendor\pyindicators\pyindicators\indicators\average_true_range.py	2131	2026-02-27 08:27:02
vendor\pyindicators\pyindicators\indicators\bollinger_bands.py	6576	2026-02-27 08:27:02
vendor\pyindicators\pyindicators\indicators\breaker_blocks.py	22118	2026-02-27 08:27:02
vendor\pyindicators\pyindicators\indicators\buyside_sellside_liquidity.py	22895	2026-02-27 08:27:02
vendor\pyindicators\pyindicators\indicators\commodity_channel_index.py	1913	2026-02-27 08:27:02
vendor\pyindicators\pyindicators\indicators\crossover.py	4942	2026-02-27 08:27:02
vendor\pyindicators\pyindicators\indicators\crossunder.py	3184	2026-02-27 08:27:02
vendor\pyindicators\pyindicators\indicators\divergence.py	28130	2026-02-27 08:27:02
vendor\pyindicators\pyindicators\indicators\ema_trend_ribbon.py	7048	2026-02-27 08:27:02
vendor\pyindicators\pyindicators\indicators\equal_highs_lows.py	15486	2026-02-27 08:27:02
vendor\pyindicators\pyindicators\indicators\exponential_moving_average.py	2118	2026-02-27 08:27:02
vendor\pyindicators\pyindicators\indicators\fair_value_gap.py	15640	2026-02-27 08:27:02
vendor\pyindicators\pyindicators\indicators\fibonacci_retracement.py	8766	2026-02-27 08:27:02
vendor\pyindicators\pyindicators\indicators\golden_zone.py	7213	2026-02-27 08:27:02
vendor\pyindicators\pyindicators\indicators\internal_external_liquidity_zones.py	35685	2026-02-27 08:27:02
vendor\pyindicators\pyindicators\indicators\is_down_trend.py	1817	2026-02-27 08:27:02
vendor\pyindicators\pyindicators\indicators\is_up_trend.py	1855	2026-02-27 08:27:02
vendor\pyindicators\pyindicators\indicators\liquidity_levels_voids.py	17227	2026-02-27 08:27:02
vendor\pyindicators\pyindicators\indicators\liquidity_pools.py	23074	2026-02-27 08:27:02
vendor\pyindicators\pyindicators\indicators\liquidity_sweeps.py	16627	2026-02-27 08:27:02
vendor\pyindicators\pyindicators\indicators\macd.py	3927	2026-02-27 08:27:02
vendor\pyindicators\pyindicators\indicators\market_structure.py	50194	2026-02-27 08:27:02
vendor\pyindicators\pyindicators\indicators\mitigation_blocks.py	20618	2026-02-27 08:27:02
vendor\pyindicators\pyindicators\indicators\momentum_confluence.py	25966	2026-02-27 08:27:02
vendor\pyindicators\pyindicators\indicators\momentum_cycle_sentry.py	14091	2026-02-27 08:27:02
vendor\pyindicators\pyindicators\indicators\moving_average_envelope.py	5696	2026-02-27 08:27:02
vendor\pyindicators\pyindicators\indicators\nadaraya_watson_envelope.py	4484	2026-02-27 08:27:02
vendor\pyindicators\pyindicators\indicators\opening_gap.py	8781	2026-02-27 08:27:02
vendor\pyindicators\pyindicators\indicators\optimal_trade_entry.py	24905	2026-02-27 08:27:02
vendor\pyindicators\pyindicators\indicators\order_blocks.py	20376	2026-02-27 08:27:02
vendor\pyindicators\pyindicators\indicators\premium_discount_zones.py	14625	2026-02-27 08:27:02
vendor\pyindicators\pyindicators\indicators\pulse_mean_accelerator.py	18008	2026-02-27 08:27:02
vendor\pyindicators\pyindicators\indicators\pure_price_action_liquidity_sweeps.py	13805	2026-02-27 08:27:02
vendor\pyindicators\pyindicators\indicators\range_intelligence.py	24495	2026-02-27 08:27:02
vendor\pyindicators\pyindicators\indicators\rate_of_change.py	1295	2026-02-27 08:27:02
vendor\pyindicators\pyindicators\indicators\rejection_blocks.py	17591	2026-02-27 08:27:02
vendor\pyindicators\pyindicators\indicators\rsi.py	5156	2026-02-27 08:27:02
vendor\pyindicators\pyindicators\indicators\simple_moving_average.py	1476	2026-02-27 08:27:02
vendor\pyindicators\pyindicators\indicators\stochastic_oscillator.py	2930	2026-02-27 08:27:02
vendor\pyindicators\pyindicators\indicators\strong_weak_high_low.py	14303	2026-02-27 08:27:02
vendor\pyindicators\pyindicators\indicators\supertrend.py	17529	2026-02-27 08:27:02
vendor\pyindicators\pyindicators\indicators\swing_structure.py	14729	2026-02-27 08:27:02
vendor\pyindicators\pyindicators\indicators\trendline_breakout_navigator.py	26707	2026-02-27 08:27:02
vendor\pyindicators\pyindicators\indicators\up_and_down_trends.py	4131	2026-02-27 08:27:02
vendor\pyindicators\pyindicators\indicators\utils.py	18962	2026-02-27 08:27:02
vendor\pyindicators\pyindicators\indicators\volume_gated_trend_ribbon.py	12203	2026-02-27 08:27:02
vendor\pyindicators\pyindicators\indicators\volume_imbalance.py	10302	2026-02-27 08:27:02
vendor\pyindicators\pyindicators\indicators\volume_weighted_trend.py	7076	2026-02-27 08:27:02
vendor\pyindicators\pyindicators\indicators\volumetric_supply_demand_zones.py	32634	2026-02-27 08:27:02
vendor\pyindicators\pyindicators\indicators\weighted_moving_average.py	2278	2026-02-27 08:27:02
vendor\pyindicators\pyindicators\indicators\williams_percent_range.py	2385	2026-02-27 08:27:02
vendor\pyindicators\pyindicators\indicators\z_score_predictive_zones.py	16339	2026-02-27 08:27:02
vendor\pyindicators\pyindicators\indicators\zero_lag_ema_envelope.py	8257	2026-02-27 08:27:02
watchdog.pid	6	2026-02-02 11:23:35
синг.txt	34	2026-02-28 00:48:11
Текстовый документ.txt	0	2026-02-05 09:21:27
тест синг.txt	3225	2026-02-07 20:29:55
